"Frame ID","Frame Entry","Frame Name","Core FE Count","Min FEs to Annotate","CoreSet Relations","FEs in CoreSet","Excludes Relations","FEs in Excludes"
1485,"frm_ personal_protective_equipment",,1,1,0,0,0,0
908,frm_abandonment,Abandonment,2,2,0,0,0,0
237,frm_abounding_with,Abounding_with,2,2,0,0,0,0
469,frm_absorb_heat,Absorb_heat,3,2,1,2,0,0
721,frm_abundance,Abundance,3,3,0,0,0,0
404,frm_abusing,Abusing,2,2,0,0,0,0
827,frm_access_scenario,Access_scenario,3,3,0,0,0,0
1258,frm_accident,Accident,2,2,0,0,0,0
1488,frm_accident_description,,2,2,0,0,0,0
1220,frm_accommodation,Accommodation,1,1,0,0,0,0
233,frm_accompaniment,Accompaniment,3,1,0,0,2,3
675,frm_accomplishment,Accomplishment,2,2,0,0,0,0
144,frm_accoutrements,Accoutrements,1,1,0,0,0,0
845,frm_accuracy,Accuracy,5,5,0,0,0,0
372,frm_achieving_first,Achieving_first,2,2,0,0,0,0
612,frm_active_substance,Active_substance,2,2,0,0,0,0
113,frm_activity,Activity,2,2,0,0,0,0
152,frm_activity_abandoned_state,Activity_abandoned_state,2,2,0,0,0,0
164,frm_activity_done_state,Activity_done_state,2,2,0,0,0,0
149,frm_activity_finish,Activity_finish,2,2,0,0,0,0
1496,frm_activity_learning,,5,5,0,0,0,0
148,frm_activity_ongoing,Activity_ongoing,3,3,0,0,0,0
151,frm_activity_pause,Activity_pause,2,2,0,0,0,0
163,frm_activity_paused_state,Activity_paused_state,2,2,0,0,0,0
154,frm_activity_prepare,Activity_prepare,2,2,0,0,0,0
153,frm_activity_ready_state,Activity_ready_state,3,2,0,0,1,2
557,frm_activity_resume,Activity_resume,2,2,0,0,0,0
134,frm_activity_start,Activity_start,2,2,0,0,0,0
150,frm_activity_stop,Activity_stop,2,2,0,0,0,0
1507,frm_activity_teaching,,5,5,0,0,0,0
708,frm_actually_occurring_entity,Actually_occurring_entity,2,2,0,0,0,0
191,frm_addiction,Addiction,2,2,0,0,0,0
436,frm_adding_up,Adding_up,3,2,1,2,0,0
1605,frm_addressing_initial,Addressing_initial,1,1,0,0,0,0
720,frm_adducing,Adducing,4,3,1,2,0,0
1192,frm_adjacency,Adjacency,3,1,0,0,2,3
630,frm_adjusting,Adjusting,3,3,0,0,0,0
711,frm_adopt_selection,Adopt_selection,3,3,0,0,0,0
504,frm_aesthetics,Aesthetics,3,3,0,0,0,0
1367,frm_affirm_or_deny,Affirm_or_deny,4,4,0,0,0,0
491,frm_age,Age,5,3,0,0,2,4
1493,frm_age_descriptor,Age_descriptor,2,2,0,0,0,0
94,frm_aggregate,Aggregate,2,2,0,0,0,0
857,frm_aging,Aging,1,1,0,0,0,0
741,frm_agree_or_refuse_to_act,Agree_or_refuse_to_act,3,3,0,0,0,0
892,frm_agriculture,Agriculture,3,2,1,2,0,0
843,frm_aiming,Aiming,5,2,3,5,1,2
1474,frm_alérgenos,,1,1,0,0,0,0
899,frm_alignment_image_schema,Alignment_image_schema,3,3,0,0,0,0
704,frm_alliance,Alliance,4,2,0,0,2,3
867,frm_alternatives,Alternatives,3,3,0,0,0,0
1208,frm_alternativity,Alternativity,2,2,0,0,0,0
458,frm_amalgamation,Amalgamation,4,2,0,0,2,3
657,frm_amassing,Amassing,2,2,0,0,0,0
518,frm_ambient_temperature,Ambient_temperature,6,3,2,3,1,2
696,frm_ammunition,Ammunition,1,1,0,0,0,0
434,frm_amounting_to,Amounting_to,3,2,1,2,1,2
1184,frm_animals,Animals,1,1,0,0,0,0
917,frm_annoyance,Annoyance,5,2,3,5,0,0
412,frm_appeal,Appeal,3,2,1,2,0,0
1016,frm_appellations,Appellations,2,2,0,0,0,0
1427,frm_appliances,Appliances,1,1,0,0,0,0
212,frm_apply_heat,Apply_heat,5,4,1,2,0,0
862,frm_appointing,Appointing,6,5,1,2,0,0
490,frm_architectural_part,Architectural_part,2,2,0,0,0,0
978,frm_arithmetic,Arithmetic,3,3,0,0,0,0
987,frm_arithmetic_commutative,Arithmetic_commutative,3,1,2,3,0,0
980,frm_arithmetic_non-commutative,Arithmetic_non-commutative,2,2,0,0,0,0
1073,frm_armor,Armor,3,3,0,0,0,0
109,frm_arraignment,Arraignment,3,3,0,0,0,0
481,frm_arranging,Arranging,3,3,0,0,0,0
182,frm_arrest,Arrest,4,4,0,0,0,0
48,frm_arriving,Arriving,2,2,0,0,0,0
126,frm_arson,Arson,3,3,0,0,0,0
390,frm_artifact,Artifact,1,1,0,0,0,0
1029,frm_artifact_subpart,Artifact_subpart,2,2,0,0,0,0
760,frm_artificiality,Artificiality,2,2,0,0,0,0
1033,frm_artistic_style,Artistic_style,3,2,1,2,0,0
981,frm_assemble,Assemble,4,3,1,2,4,8
423,frm_assessing,Assessing,5,2,3,5,0,0
1089,frm_assigned_location,Assigned_location,2,2,0,0,0,0
360,frm_assistance,Assistance,4,3,1,2,0,0
1566,"frm_assistive technology","Assistive technology",1,1,0,0,0,0
203,frm_asymmetric_reciprocality,Asymmetric_reciprocality,2,2,0,0,0,0
1281,frm_athletes,Athletes,1,1,0,0,0,0
1282,frm_athletes_by_position,Athletes_by_position,1,1,0,0,0,0
1341,frm_athletes_by_sport,Athletes_by_sport,2,2,0,0,0,0
358,frm_atonement,Atonement,3,3,0,0,0,0
177,frm_attaching,Attaching,5,3,0,0,2,3
393,frm_attack,Attack,2,2,0,0,0,0
105,frm_attempt,Attempt,2,2,0,0,0,0
1368,frm_attempting_and_resolving_scenario,Attempting_and_resolving_scenario,2,2,0,0,0,0
1369,frm_attempt_action_scenario,Attempt_action_scenario,2,2,0,0,0,0
842,frm_attempt_distant_interaction_scenario,Attempt_distant_interaction_scenario,4,4,0,0,0,0
946,frm_attempt_means,Attempt_means,3,3,0,0,0,0
887,frm_attempt_obtain_food_scenario,Attempt_obtain_food_scenario,3,3,0,0,0,0
973,frm_attempt_obtain_mineral_scenario,Attempt_obtain_mineral_scenario,2,2,0,0,0,0
80,frm_attempt_suasion,Attempt_suasion,6,4,2,4,0,0
907,frm_attending,Attending,2,2,0,0,0,0
459,frm_attention,Attention,3,2,0,0,1,2
279,frm_attention_getting,Attention_getting,2,2,0,0,0,0
1141,frm_attitude_description,Attitude_description,3,2,1,2,0,0
1222,frm_attraction_in_place,Tourist_potential,2,2,0,0,0,0
1240,frm_attraction_tourism,Attraction_tourism,2,2,0,0,0,0
550,frm_attributed_information,Attributed_information,3,2,1,2,0,0
485,frm_attributes,Attributes,3,3,0,0,0,0
1028,frm_authority,Authority,2,2,0,0,0,0
249,frm_avoiding,Avoiding,2,2,0,0,0,0
14,frm_awareness,Awareness,4,2,2,4,1,2
1437,frm_awareness_change_scenario,Awareness_change_scenario,2,2,0,0,0,0
1069,frm_awareness_situation,Awareness_situation,4,4,0,0,0,0
1070,frm_awareness_status,Awareness_status,2,2,0,0,0,0
110,frm_bail_decision,Bail_decision,3,3,0,0,0,0
1370,frm_basis_for_attribute,Basis_for_attribute,3,3,0,0,0,0
401,frm_bearing_arms,Bearing_arms,2,2,0,0,0,0
929,frm_beat_opponent,Beat_opponent,2,2,0,0,0,0
1435,frm_becoming,Becoming,3,3,0,0,0,0
280,frm_becoming_attached,Becoming_attached,4,2,2,3,2,3
15,frm_becoming_aware,Becoming_aware,5,2,3,5,0,0
788,frm_becoming_a_member,Becoming_a_member,2,2,0,0,0,0
641,frm_becoming_detached,Becoming_detached,3,1,2,4,2,3
906,frm_becoming_dry,Becoming_dry,1,1,0,0,0,0
1337,frm_becoming_nonfunctional,frm_becoming_nonfunctional,1,1,0,0,0,0
825,frm_becoming_separated,Becoming_separated,4,2,0,0,2,3
1371,frm_becoming_silent,Becoming_silent,2,1,1,2,0,0
1061,frm_becoming_visible,Becoming_visible,1,1,0,0,0,0
1584,frm_bedding,Bedding,1,1,0,0,0,0
378,frm_behind_the_scenes,Behind_the_scenes,9,9,0,0,0,0
685,frm_being_active,Being_active,4,2,0,0,2,4
281,frm_being_attached,Being_attached,4,2,0,0,2,3
691,frm_being_at_risk,Being_at_risk,3,2,1,2,1,2
767,frm_being_awake,Being_awake,1,1,0,0,0,0
461,frm_being_born,Being_born,1,1,0,0,0,0
1540,frm_being_clean,,1,1,0,0,0,0
1372,frm_being_contained_within,Being_contained_within,3,3,0,0,0,0
643,frm_being_detached,Being_detached,3,1,0,0,2,3
310,frm_being_dry,Being_dry,1,1,0,0,0,0
257,frm_being_employed,Being_employed,6,2,4,5,0,0
1603,frm_being_free,Being_free,1,1,0,0,0,0
1490,frm_being_hurt,,2,2,0,0,0,0
1115,frm_being_incarcerated,Being_incarcerated,2,2,0,0,0,0
817,frm_being_included,Being_included,2,2,0,0,0,0
1114,frm_being_in_captivity,Being_in_captivity,2,2,0,0,1,2
815,frm_being_in_category,Being_in_category,3,3,0,0,0,0
807,frm_being_in_control,Being_in_control,5,3,0,0,3,6
668,frm_being_in_effect,Being_in_effect,1,1,0,0,0,0
475,frm_being_in_operation,Being_in_operation,1,1,0,0,0,0
483,frm_being_located,Being_located,2,2,0,0,0,0
205,frm_being_named,Being_named,2,2,0,0,0,0
558,frm_being_necessary,Being_necessary,3,3,0,0,0,0
361,frm_being_obligated,Being_obligated,2,2,0,0,0,0
564,frm_being_obligatory,Being_obligatory,2,2,0,0,0,0
586,frm_being_operational,Being_operational,1,1,0,0,0,0
1205,frm_being_pregnant,Being_pregnant,4,4,0,0,0,0
1373,frm_being_questionable,Being_questionable,3,2,1,2,2,3
1042,frm_being_relevant,Being_relevant,3,3,0,0,0,0
318,frm_being_rotted,Being_rotted,1,1,0,0,0,0
649,frm_being_up_to_it,Being_up_to_it,2,2,0,0,0,0
304,frm_being_wet,Being_wet,2,2,0,0,0,0
813,frm_besieging,Besieging,2,2,0,0,0,0
328,frm_beyond_compare,Beyond_compare,3,2,1,2,0,0
634,frm_be_in_agreement_on_action,Be_in_agreement_on_action,5,3,0,0,2,3
665,frm_be_in_agreement_on_assessment,Be_in_agreement_on_assessment,6,3,1,2,6,10
1151,frm_be_on_alert,Be_on_alert,4,4,0,0,0,0
814,frm_be_subset_of,Be_subset_of,2,2,0,0,0,0
755,frm_be_translation_equivalent,Be_translation_equivalent,5,5,0,0,0,0
1374,frm_billing,Billing,7,7,0,0,0,0
173,frm_biological_area,Biological_area,1,1,0,0,0,0
1135,frm_biological_classification,Biological_classification,3,2,1,2,0,0
1050,frm_biological_entity,Biological_entity,1,1,0,0,0,0
1587,frm_biological_entity_by_eating_habits,Biological_entity_by_eating_habits,2,2,0,0,0,0
1157,frm_biological_mechanisms,Biological_mechanisms,1,1,0,0,0,0
363,frm_biological_urge,Biological_urge,3,1,2,3,3,6
1165,frm_birth_scenario,Birth_scenario,4,2,0,0,2,3
745,frm_board_vehicle,Board_vehicle,2,2,0,0,0,0
273,frm_body_decoration,Body_decoration,1,1,0,0,0,0
143,frm_body_description_holistic,Body_description_holistic,2,2,0,0,0,0
211,frm_body_description_part,Body_description_part,2,1,1,2,0,0
362,frm_body_mark,Body_mark,2,2,0,0,0,0
11,frm_body_movement,Body_movement,2,1,1,2,0,0
1375,frm_body_parts,Body_parts,2,2,0,0,0,0
1014,frm_bond_maturation,Bond_maturation,2,2,0,0,0,0
1161,frm_borrowing,Borrowing,3,3,0,0,0,0
396,frm_boulder,Boulder,16,16,0,0,0,0
301,frm_boundary,Boundary,3,3,0,0,0,0
213,frm_bounded_entity,Bounded_entity,6,6,0,0,0,0
898,frm_bounded_region,Bounded_region,5,5,0,0,0,0
740,frm_bragging,Bragging,5,2,3,5,0,0
824,frm_breaking_apart,Breaking_apart,2,2,0,0,0,0
822,frm_breaking_off,Breaking_off,2,2,0,0,0,0
1109,frm_breaking_out_captive,Breaking_out_captive,3,3,0,0,0,0
247,frm_breathing,Breathing,2,2,0,0,0,0
216,frm_bringing,Bringing,7,4,3,5,3,4
234,frm_building,Building,3,2,1,2,0,0
157,frm_buildings,Buildings,1,1,0,0,0,0
169,frm_building_subparts,Building_subparts,2,2,0,0,0,0
241,frm_bungling,Bungling,4,2,2,3,0,0
1154,frm_burying,Burying,4,4,0,0,0,0
337,frm_businesses,Businesses,1,1,0,0,0,0
1067,frm_business_closure,Business_closure,1,1,0,0,0,0
1057,frm_cache,Cache,4,4,0,0,0,0
206,frm_calendric_unit,Calendric_unit,3,2,1,2,0,0
26,frm_candidness,Candidness,4,2,2,4,0,0
498,frm_capability,Capability,2,2,0,0,0,0
951,frm_capacity,Capacity,2,2,0,0,0,0
1123,frm_capital_stock,Capital_stock,4,3,0,0,1,2
196,frm_cardinal_numbers,Cardinal_numbers,3,3,0,0,0,0
821,frm_carry_goods,Carry_goods,2,2,0,0,0,0
104,frm_catastrophe,Catastrophe,2,2,0,0,0,0
1172,frm_catching_fire,Catching_fire,2,2,0,0,0,0
16,frm_categorization,Categorization,4,3,1,2,0,0
1470,frm_causar_condição_médica,,3,3,0,0,0,0
1,frm_causation,Causation,4,2,2,4,0,0
195,frm_causation_scenario,Causation_scenario,3,3,0,0,0,0
1149,frm_cause_benefit_or_detriment,Cause_benefit_or_detriment,4,4,0,0,0,0
1008,frm_cause_bodily_experience,Cause_bodily_experience,4,3,1,2,0,0
442,frm_cause_change,Cause_change,8,3,1,2,6,10
353,frm_cause_change_of_consistency,Cause_change_of_consistency,3,2,0,0,1,2
307,frm_cause_change_of_phase,Cause_change_of_phase,3,2,0,0,1,2
89,frm_cause_change_of_position_on_a_scale,Cause_change_of_position_on_a_scale,4,2,1,2,1,2
798,frm_cause_change_of_strength,Cause_change_of_strength,3,3,0,0,0,0
910,frm_cause_emotion,Cause_emotion,3,2,1,2,0,0
71,frm_cause_expansion,Cause_expansion,3,2,0,0,1,2
480,frm_cause_fluidic_motion,Cause_fluidic_motion,7,4,2,3,5,7
102,frm_cause_harm,Cause_harm,4,2,2,4,1,2
364,frm_cause_impact,Cause_impact,5,2,2,3,1,2
49,frm_cause_motion,Cause_motion,9,4,4,5,6,8
847,frm_cause_proliferation_in_number,Cause_proliferation_in_number,4,3,0,0,1,2
306,frm_cause_temperature_change,Cause_temperature_change,4,3,0,0,1,2
9,frm_cause_to_amalgamate,Cause_to_amalgamate,5,3,0,0,2,3
1539,frm_cause_to_be_clean,,3,3,0,0,0,0
309,frm_cause_to_be_dry,Cause_to_be_dry,3,2,0,0,1,2
974,frm_cause_to_be_included,Cause_to_be_included,5,5,0,0,0,0
603,frm_cause_to_be_sharp,Cause_to_be_sharp,3,2,0,0,2,4
283,frm_cause_to_be_wet,Cause_to_be_wet,4,3,0,0,1,2
1171,frm_cause_to_burn,Cause_to_burn,4,4,0,0,0,0
520,frm_cause_to_continue,Cause_to_continue,4,2,0,0,2,4
551,frm_cause_to_end,Cause_to_end,4,2,2,4,2,4
263,frm_cause_to_experience,Cause_to_experience,2,2,0,0,0,0
383,frm_cause_to_fragment,Cause_to_fragment,4,3,0,0,1,2
1094,frm_cause_to_land,Cause_to_land,3,3,0,0,0,0
466,frm_cause_to_make_noise,Cause_to_make_noise,3,2,1,2,1,2
622,frm_cause_to_make_progress,Cause_to_make_progress,2,2,0,0,0,0
251,frm_cause_to_move_in_place,Cause_to_move_in_place,4,2,2,3,2,3
956,frm_cause_to_perceive,Cause_to_perceive,6,3,3,4,3,4
628,frm_cause_to_resume,Cause_to_resume,4,3,0,0,1,2
990,frm_cause_to_rot,Cause_to_rot,3,2,0,0,1,2
351,frm_cause_to_start,Cause_to_start,2,2,0,0,0,0
267,frm_cause_to_wake,Cause_to_wake,3,2,0,0,1,2
936,frm_ceasing_to_be,Ceasing_to_be,1,1,0,0,0,0
1352,frm_ceremonies,Ceremonies,3,3,0,0,0,0
129,frm_certainty,Certainty,4,2,2,4,0,0
1571,frm_change,Change,1,1,0,0,0,0
1127,frm_change_accessibility,Change_accessibility,3,3,0,0,0,0
753,frm_change_direction,Change_direction,2,2,0,0,0,0
796,frm_change_event_duration,Change_event_duration,3,3,0,0,0,0
444,frm_change_event_time,Change_event_time,3,2,0,0,2,4
313,frm_change_of_consistency,Change_of_consistency,1,1,0,0,0,0
66,frm_change_of_leadership,Change_of_leadership,7,2,5,6,2,3
308,frm_change_of_phase,Change_of_phase,1,1,0,0,0,0
602,frm_change_of_phase_scenario,Change_of_phase_scenario,1,1,0,0,0,0
970,frm_change_of_quantity_of_possession,Change_of_quantity_of_possession,2,2,0,0,0,0
464,frm_change_of_temperature,Change_of_temperature,2,2,0,0,0,0
774,frm_change_operational_state,Change_operational_state,3,2,0,0,1,2
84,frm_change_position_on_a_scale,Change_position_on_a_scale,8,3,5,6,4,5
1376,frm_change_post-state,Change_post-state,0,0,0,0,0,0
457,frm_change_posture,Change_posture,1,1,0,0,0,0
799,frm_change_resistance,Change_resistance,3,2,0,0,1,2
568,frm_change_tool,Change_tool,4,2,0,0,2,3
1137,frm_chaos,Chaos,2,2,0,0,0,0
479,frm_chatting,Chatting,3,1,0,0,2,3
246,frm_chemical-sense_description,Chemical-sense_description,2,1,1,2,0,0
1152,frm_chemical_potency,Chemical_potency,2,2,0,0,0,0
324,frm_choosing,Choosing,3,2,1,2,0,0
1077,frm_circumscribed_existence,Circumscribed_existence,4,2,2,3,0,0
1377,frm_citing,Citing,3,3,0,0,0,0
1590,frm_civil_rights_and_duties,Civil_rights_and_duties,2,2,0,0,0,0
430,frm_claim_ownership,Claim_ownership,2,2,0,0,0,0
530,frm_clemency,Clemency,3,3,0,0,0,0
229,frm_closure,Closure,4,3,1,2,0,0
123,frm_clothing,Clothing,1,1,0,0,0,0
174,frm_clothing_parts,Clothing_parts,1,1,0,0,0,0
1378,frm_co-association,Co-association,3,3,0,0,0,0
1260,frm_coaching_staff,Coaching_staff,2,2,0,0,0,0
17,frm_cogitation,Cogitation,2,2,0,0,0,0
449,frm_cognitive_connection,Cognitive_connection,3,1,0,0,2,3
810,frm_coincidence,Coincidence,1,1,0,0,0,0
387,frm_collaboration,Collaboration,4,2,0,0,2,3
897,frm_collocation_image_schema,Collocation_image_schema,2,2,0,0,0,0
802,frm_colonization,Colonization,3,3,0,0,0,0
392,frm_color,Color,2,2,0,0,0,0
997,frm_color_qualities,Color_qualities,2,1,1,2,0,0
1379,frm_come_down_with,Come_down_with,2,2,0,0,0,0
1206,frm_come_into_effect,Come_into_effect,1,1,0,0,0,0
454,frm_come_together,Come_together,4,3,1,2,4,8
288,frm_coming_to_be,Coming_to_be,1,1,0,0,0,0
18,frm_coming_to_believe,Coming_to_believe,6,3,3,5,0,0
22,frm_coming_up_with,Coming_up_with,2,2,0,0,0,0
236,frm_commemorative,Commemorative,3,3,0,0,0,0
155,frm_commerce_buy,Commerce_buy,2,2,0,0,0,0
188,frm_commerce_collect,Commerce_collect,5,5,0,0,0,0
189,frm_commerce_goods-transfer,Commerce_goods-transfer,5,3,0,0,2,3
187,frm_commerce_money-transfer,Commerce_money-transfer,5,4,0,0,1,2
162,frm_commerce_pay,Commerce_pay,5,5,0,0,0,0
76,frm_commerce_scenario,Commerce_scenario,4,4,0,0,0,0
156,frm_commerce_sell,Commerce_sell,3,3,0,0,0,0
159,frm_commercial_transaction,Commercial_transaction,4,4,0,0,0,0
27,frm_commitment,Commitment,5,3,2,4,0,0
446,frm_committing_crime,Committing_crime,2,2,0,0,0,0
1111,frm_commonality,Commonality,4,2,0,0,2,3
1613,frm_common_ground,Common_ground,2,2,0,0,0,0
463,frm_communicate_categorization,Communicate_categorization,4,3,1,2,0,0
2,frm_communication,Communication,5,3,2,4,0,0
32,frm_communication_manner,Communication_manner,4,3,1,2,0,0
218,frm_communication_means,Communication_means,5,4,1,2,0,0
33,frm_communication_noise,Communication_noise,4,2,3,6,0,0
36,frm_communication_response,Communication_response,5,4,1,2,0,0
1579,frm_communicative_context,Communicative_context,5,5,0,0,0,0
531,frm_commutation,Commutation,2,2,0,0,0,0
985,frm_commutative_process,Commutative_process,3,1,2,3,0,0
986,frm_commutative_statement,Commutative_statement,3,3,0,0,0,0
332,frm_compatibility,Compatibility,4,2,0,0,2,3
217,frm_competition,Competition,4,2,0,0,2,3
737,frm_complaining,Complaining,4,2,2,4,0,0
683,frm_completeness,Completeness,1,1,0,0,0,0
106,frm_compliance,Compliance,4,2,2,3,0,0
955,frm_concessive,Concessive,3,2,1,2,1,2
1537,frm_conclusion_of_course,,0,0,0,0,0,0
1538,frm_conclusion_of_course,,0,0,0,0,0,0
1195,frm_conditional_occurrence,Conditional_occurrence,2,2,0,0,0,0
1194,frm_conditional_scenario,Conditional_scenario,4,4,0,0,0,0
1146,frm_condition_symptom_relation,Condition_symptom_relation,3,3,0,0,0,0
407,frm_conduct,Conduct,2,2,0,0,0,0
1569,frm_configuration_relation,Configuration_relation,4,4,0,0,0,0
1578,frm_confirmation_of_attention,Confirmation_of_attention,3,3,0,0,0,0
921,frm_confronting_problem,Confronting_problem,2,2,0,0,0,0
510,frm_connecting_architecture,Connecting_architecture,1,1,0,0,0,0
388,frm_connectors,Connectors,1,1,0,0,0,0
900,frm_conquering,Conquering,2,2,0,0,0,0
261,frm_contacting,Contacting,5,3,3,5,0,0
902,frm_contact_image_schema,Contact_image_schema,2,2,0,0,0,0
72,frm_containers,Containers,1,1,0,0,0,0
1007,frm_container_focused_placing,Container_focused_placing,4,4,0,0,0,0
1005,frm_container_focused_removing,Container_focused_removing,4,4,0,0,0,0
366,frm_containing,Containing,2,2,0,0,0,0
1380,frm_containment_scenario,Containment_scenario,3,3,0,0,0,0
476,frm_contingency,Contingency,2,2,0,0,0,0
714,frm_continued_state_of_affairs,Continued_state_of_affairs,2,2,0,0,0,0
1034,frm_contrary_circumstances,Contrary_circumstances,2,2,0,0,0,0
1611,frm_contrast,Contrast,2,2,0,0,0,0
352,frm_contrition,Contrition,4,2,2,3,0,0
806,frm_control,Control,7,3,0,0,6,12
1099,frm_controller_object,Controller_object,1,1,0,0,0,0
688,frm_convey_importance,Convey_importance,3,3,0,0,0,0
1071,frm_convoy,Convoy,4,3,1,2,0,0
243,frm_cooking_creation,Cooking_creation,2,2,0,0,0,0
199,frm_corporal_punishment,Corporal_punishment,3,2,1,2,0,0
670,frm_correctness,Correctness,4,1,3,5,1,2
320,frm_corroding,Corroding,1,1,0,0,0,0
322,frm_corroding_caused,Corroding_caused,3,2,0,0,1,2
1602,frm_corruption,Corruption,2,2,0,0,0,0
1593,frm_cosmetics,Cosmetics,1,1,0,0,0,0
50,frm_cotheme,Cotheme,8,4,3,4,5,7
1597,frm_count,Count,5,5,0,0,0,0
1119,frm_counterattack,Counterattack,2,2,0,0,0,0
1516,frm_course,,1,1,0,0,0,0
415,frm_court_examination,Court_examination,2,2,0,0,0,0
496,frm_craft,Craft,3,3,0,0,0,0
758,frm_create_physical_artwork,Create_physical_artwork,2,2,0,0,0,0
757,frm_create_representation,Create_representation,2,2,0,0,0,0
291,frm_creating,Creating,3,2,0,0,1,2
1269,frm_crime,Crime,2,2,0,0,0,0
445,frm_crime_scenario,Crime_scenario,5,5,0,0,0,0
408,frm_criminal_investigation,Criminal_investigation,3,3,0,0,0,0
180,frm_criminal_process,Criminal_process,10,10,0,0,0,0
1246,frm_crowd,Crowd,2,2,0,0,0,0
1306,frm_crowd_reactions,Crowd_reactions,1,1,0,0,0,0
44,frm_cure,Cure,6,3,3,5,0,0
350,frm_custom,Custom,3,2,0,0,1,2
240,frm_cutting,Cutting,3,3,0,0,0,0
934,frm_cycle_of_existence_scenario,Cycle_of_existence_scenario,1,1,0,0,0,0
938,frm_cycle_of_life_and_death,Cycle_of_life_and_death,1,1,0,0,0,0
384,frm_damaging,Damaging,3,2,0,0,1,2
344,frm_daring,Daring,2,2,0,0,0,0
284,frm_dead_or_alive,Dead_or_alive,2,1,1,2,0,0
47,frm_death,Death,1,1,0,0,0,0
1079,frm_deception_end,Deception_end,4,4,0,0,0,0
1078,frm_deception_scenario,Deception_scenario,4,4,0,0,0,0
1054,frm_deception_success,Deception_success,4,4,0,0,0,0
335,frm_deciding,Deciding,2,2,0,0,0,0
613,frm_defending,Defending,3,3,0,0,0,0
884,frm_degree,Degree,1,1,0,0,0,0
560,frm_degree_of_processing,Degree_of_processing,1,1,0,0,0,0
1261,frm_delegation,Delegation,2,2,0,0,0,0
766,frm_delimitation_of_diversity,Delimitation_of_diversity,5,3,2,3,0,0
944,frm_delimited_state_scenario,Delimited_state_scenario,2,2,0,0,0,0
617,frm_delivery,Delivery,4,3,0,0,1,2
1381,frm_deny_or_grant_permission,Deny_or_grant_permission,3,3,0,0,0,0
51,frm_departing,Departing,2,2,0,0,0,0
1467,frm_descrição_de_sintoma,,3,3,0,0,0,0
1465,frm_descrição_orientada_pela_parte_do_corpo,,1,1,0,0,0,0
1452,frm_descritor_de_gênero,,2,2,0,0,0,0
429,frm_deserving,Deserving,2,2,0,0,0,0
326,frm_desirability,Desirability,2,1,1,2,0,0
636,frm_desirable_event,Desirable_event,1,1,0,0,0,0
338,frm_desiring,Desiring,4,2,2,3,0,0
808,frm_destiny,Destiny,3,2,1,2,0,0
386,frm_destroying,Destroying,3,2,0,0,2,4
640,frm_detaching,Detaching,4,4,0,0,0,0
286,frm_detaining,Detaining,2,2,0,0,0,0
1056,frm_detonate_explosive,Detonate_explosive,2,2,0,0,0,0
1484,frm_diagnosing,,3,3,0,0,0,0
19,frm_differentiation,Differentiation,5,2,1,2,2,3
345,frm_difficulty,Difficulty,2,2,0,0,0,0
99,frm_dimension,Dimension,3,3,0,0,0,0
1253,frm_dining,Dining,1,1,0,0,0,0
193,frm_direction,Direction,2,2,0,0,0,0
1200,frm_directional_locative_relation,Directional_locative_relation,2,2,0,0,0,0
1329,frm_direct_infractions,Direct_fouls,2,2,0,0,0,0
1565,frm_disability,Disability,2,2,0,0,0,0
1175,frm_disaster_scenario,Disaster_scenario,1,1,0,0,0,0
1600,frm_discursive_deixis,Discursive_deixis,3,3,0,0,0,0
28,frm_discussion,Discussion,4,2,0,0,2,3
1272,frm_disease,Disease,2,2,0,0,0,0
746,frm_disembarking,Disembarking,2,2,0,0,0,0
731,frm_disgraceful_situation,Disgraceful_situation,2,2,0,0,0,0
242,frm_dispersal,Dispersal,3,2,0,0,1,2
1438,frm_distance_scenario,Distance_scenario,6,6,0,0,0,0
1104,frm_distant_operated_ied,Distant_operated_IED,1,1,0,0,0,0
542,frm_distinctiveness,Distinctiveness,2,2,0,0,0,0
1203,frm_distributed_abundanced,Distributed_abundanced,2,2,0,0,0,0
70,frm_distributed_position,Distributed_position,2,2,0,0,0,0
838,frm_diversity,Diversity,2,2,0,0,0,0
431,frm_documents,Documents,6,4,0,0,2,3
606,frm_dodging,Dodging,2,2,0,0,0,0
399,frm_domain,Domain,2,2,0,0,0,0
804,frm_dominate_competitor,Dominate_competitor,2,2,0,0,0,0
803,frm_dominate_situation,Dominate_situation,2,2,0,0,0,0
805,frm_domination,Domination,3,3,0,0,0,0
647,frm_dough_rising,Dough_rising,1,1,0,0,0,0
1092,frm_downing,Downing,3,3,0,0,0,0
1520,frm_do_phisical_activity,,2,2,0,0,0,0
588,frm_dressing,Dressing,2,2,0,0,0,0
1532,frm_drilling,,2,2,0,0,0,0
875,frm_drop_in_on,Drop_in_on,3,2,1,2,0,0
963,frm_dunking,Dunking,3,3,0,0,0,0
7,frm_duplication,Duplication,3,2,1,2,0,0
73,frm_duration_description,Duration_description,2,1,1,2,0,0
942,frm_duration_relation,Duration_relation,4,2,0,0,3,6
943,frm_duration_scenario,Duration_scenario,7,7,0,0,0,0
922,frm_dying,Dying,1,1,0,0,0,0
1382,frm_dynamic_situation_scenario,Dynamic_situation_scenario,2,2,0,0,0,0
1383,frm_dynamism,Dynamism,3,3,0,0,0,0
829,frm_earnings_and_losses,Earnings_and_losses,2,2,0,0,0,0
1448,frm_eating_event,frm_eating_event,3,3,0,0,0,0
1586,frm_eating_habits,Eating_habits,3,2,1,2,0,0
438,frm_eclipse,Eclipse,2,2,0,0,0,0
702,frm_economy,Economy,2,2,0,0,0,0
1505,frm_educational_institution,,3,3,0,0,0,0
1495,frm_educational_institution_attribute,,2,2,0,0,0,0
1509,frm_educational_time_division,,1,1,0,0,0,0
1494,frm_education_professional,,1,1,0,0,0,0
101,frm_education_teaching,Education_teaching,11,5,5,9,5,9
684,frm_electricity,Electricity,1,1,0,0,0,0
1221,frm_elimination_tournament,Elimination_tournament,5,5,0,0,0,0
608,frm_elusive_goal,Elusive_goal,2,2,0,0,0,0
333,frm_emanating,Emanating,2,2,0,0,0,0
1176,frm_emergency,Emergency,3,3,0,0,0,0
1179,frm_emergency_fire,Emergency_fire,2,2,0,0,0,0
331,frm_emitting,Emitting,2,2,0,0,0,0
779,frm_emotions,Emotions,6,2,4,6,0,0
919,frm_emotions_by_possibility,Emotions_by_possibility,6,2,4,6,0,0
911,frm_emotions_by_stimulus,Emotions_by_stimulus,6,2,4,6,0,0
914,frm_emotions_of_mental_activity,Emotions_of_mental_activity,2,2,0,0,0,0
912,frm_emotions_success_or_failure,Emotions_success_or_failure,6,2,4,6,0,0
40,frm_emotion_directed,Emotion_directed,6,3,3,5,3,6
43,frm_emotion_heat,Emotion_heat,3,2,2,4,0,0
687,frm_emphasizing,Emphasizing,5,4,1,2,2,3
521,frm_employee_scenario,Employee_scenario,3,3,0,0,0,0
522,frm_employer_scenario,Employer_scenario,3,3,0,0,0,0
295,frm_employing,Employing,5,3,2,3,0,0
473,frm_employment_continue,Employment_continue,2,2,0,0,0,0
474,frm_employment_end,Employment_end,3,2,1,2,0,0
293,frm_employment_scenario,Employment_scenario,3,3,0,0,0,0
472,frm_employment_start,Employment_start,2,2,0,0,0,0
52,frm_emptying,Emptying,4,3,0,0,1,2
29,frm_encoding,Encoding,4,3,1,2,0,0
991,frm_encounter,Encounter,4,4,0,0,0,0
437,frm_endangering,Endangering,3,3,1,2,1,2
1083,frm_endeavor_failure,Endeavor_failure,1,1,0,0,0,0
811,frm_enforcing,Enforcing,3,2,1,2,0,0
119,frm_entering_of_plea,Entering_of_plea,5,4,1,2,0,0
1265,frm_entertainment,Entertainment,2,2,0,0,0,0
1036,frm_enter_awareness,Enter_awareness,3,3,0,0,0,0
1460,frm_entidades_sobrenaturais,,1,1,0,0,0,0
226,frm_entity,Entity,1,1,0,0,0,0
1567,frm_entity_relation,Entity_relation,4,4,0,0,0,0
1068,frm_entourage,Entourage,3,3,0,0,0,0
1604,frm_enumerating,Enumerating,3,3,0,0,0,0
1477,frm_epidemia,,2,2,0,0,0,0
1612,frm_epistemic_stance,Epistemic_stance,2,2,0,0,0,0
1031,frm_erasing,Erasing,4,3,0,0,1,2
248,frm_escaping,Escaping,2,2,0,0,0,0
673,frm_estimated_value,Estimated_value,5,3,0,0,2,3
671,frm_estimating,Estimating,6,3,3,4,1,2
250,frm_evading,Evading,3,2,0,0,1,2
325,frm_evaluative_comparison,Evaluative_comparison,5,3,2,4,2,3
168,frm_event,Event,3,3,0,0,0,0
1542,frm_eventive,,1,1,0,0,0,0
81,frm_eventive_affecting,Eventive_affecting,2,2,0,0,0,0
90,frm_eventive_cognizer_affecting,Eventive_cognizer_affecting,3,3,0,0,0,0
1384,frm_event_endstate,Event_endstate,2,2,0,0,0,0
1385,frm_event_initial_state,Event_initial_state,2,2,0,0,0,0
952,frm_event_instance,Event_instance,2,2,0,0,0,0
1229,frm_event_tourism,Event_tourism,2,2,0,0,0,0
20,frm_evidence,Evidence,2,2,0,0,0,0
502,frm_evoking,Evoking,3,3,0,0,0,0
98,frm_examination,Examination,5,3,2,4,0,0
565,frm_exchange,Exchange,6,2,0,0,4,6
577,frm_exchange_currency,Exchange_currency,6,4,0,0,2,4
540,frm_exclude_member,Exclude_member,3,3,0,0,0,0
245,frm_excreting,Excreting,3,2,1,2,0,0
783,frm_execute_plan,Execute_plan,3,2,1,2,0,0
202,frm_execution,Execution,2,2,0,0,0,0
993,frm_exemplar,Exemplar,2,2,0,0,0,0
994,frm_exemplariness,Exemplariness,2,2,0,0,0,0
1017,frm_exercising,Exercising,1,1,0,0,0,0
439,frm_existence,Existence,1,1,0,0,0,0
452,frm_expansion,Expansion,1,1,0,0,0,0
21,frm_expectation,Expectation,3,2,1,2,0,0
735,frm_expected_location_of_person,Expected_location_of_person,2,2,0,0,0,0
972,frm_expend_resource,Expend_resource,3,3,0,0,0,0
77,frm_expensiveness,Expensiveness,4,3,0,0,1,2
42,frm_experiencer_focused_emotion,Experiencer_focused_emotion,6,2,4,6,0,0
354,frm_experience_bodily_harm,Experience_bodily_harm,2,1,1,2,0,0
1124,frm_experimentation,Experimentation,9,6,3,4,4,8
125,frm_expertise,Expertise,6,2,4,6,4,5
653,frm_explaining_the_facts,Explaining_the_facts,3,2,0,0,1,2
1058,frm_explosion,Explosion,1,1,0,0,0,0
699,frm_exporting,Exporting,4,4,0,0,0,0
738,frm_expressing_publicly,Expressing_publicly,3,2,1,2,0,0
626,frm_extradition,Extradition,4,3,1,2,0,0
703,frm_extreme_point,Extreme_point,2,2,0,0,0,0
715,frm_extreme_value,Extreme_value,3,3,0,0,0,0
147,frm_facial_expression,Facial_expression,3,3,0,0,0,0
346,frm_fairness_evaluation,Fairness_evaluation,4,2,2,3,0,0
266,frm_fall_asleep,Fall_asleep,1,1,0,0,0,0
1053,frm_fall_for,Fall_for,2,2,0,0,0,0
830,frm_fame,Fame,2,2,0,0,0,0
716,frm_familiarity,Familiarity,3,3,0,0,0,0
717,frm_fastener,Fastener,3,3,0,0,0,0
920,frm_fear,Fear,5,2,3,5,0,0
1535,frm_feeding,,3,3,0,0,0,0
1582,frm_feeding,Feeding,3,3,0,0,0,0
365,frm_feeling,Feeling,4,2,2,3,0,0
8,frm_feigning,Feigning,4,3,1,2,2,3
1449,frm_ferramenta,,1,1,0,0,0,0
618,frm_fields,Fields,4,2,2,3,0,0
432,frm_fighting_activity,Fighting_activity,2,2,0,0,0,0
53,frm_filling,Filling,4,3,0,0,1,2
1238,frm_finals_play,Finals,4,4,0,0,0,0
200,frm_fining,Fining,4,3,1,2,0,0
465,frm_finish_competition,Finish_competition,4,2,0,0,2,3
964,frm_finish_game,Finish_game,2,2,0,0,0,0
1177,frm_firefighting,Firefighting,2,2,0,0,0,0
1181,frm_fire_break,Fire_break,1,1,0,0,0,0
1170,frm_fire_burning,Fire_burning,2,2,0,0,0,0
1178,frm_fire_emergency_scenario,Fire_emergency_scenario,1,1,0,0,0,0
1168,frm_fire_end_scenario,Fire_end_scenario,1,1,0,0,0,0
1169,frm_fire_going_out,Fire_going_out,1,1,0,0,0,0
1167,frm_fire_stopping_scenario,Fire_stopping_scenario,2,2,0,0,0,0
298,frm_firing,Firing,4,3,1,2,1,2
1106,frm_firing_point,Firing_point,1,1,0,0,0,0
512,frm_first_experience,First_experience,1,1,0,0,0,0
371,frm_first_rank,First_rank,3,3,0,0,0,0
759,frm_fleeing,Fleeing,5,2,3,4,0,0
317,frm_fluidic_motion,Fluidic_motion,5,3,2,3,3,4
252,frm_food,Food,1,1,0,0,0,0
888,frm_food_gathering,Food_gathering,3,3,0,0,0,0
1423,frm_food_service,Food_service,2,2,0,0,0,0
658,frm_foreign_or_domestic_country,Foreign_or_domestic_country,2,2,0,0,0,0
761,frm_forging,Forging,3,2,1,2,0,0
370,frm_forgiveness,Forgiveness,3,3,0,0,0,0
607,frm_forgoing,Forgoing,2,2,0,0,0,0
450,frm_forming_relationships,Forming_relationships,3,1,0,0,2,3
823,frm_fragmentation_scenario,Fragmentation_scenario,4,4,0,0,0,0
1116,frm_freeing_from_confinement,Freeing_from_confinement,3,3,0,0,0,0
74,frm_frequency,Frequency,7,5,1,2,3,5
468,frm_friction,Friction,3,1,0,0,2,3
1117,frm_friendly_or_hostile,Friendly_or_hostile,3,1,0,0,2,3
789,frm_front_for,Front_for,3,2,0,0,2,4
78,frm_frugality,Frugality,3,2,1,2,0,0
1125,frm_fugitive,Fugitive,1,1,0,0,0,0
220,frm_fullness,Fullness,2,2,0,0,0,0
1040,frm_function,Function,3,2,1,2,0,0
1386,frm_funding,Funding,3,3,0,0,0,0
1414,frm_furniture,Furniture,1,1,0,0,0,0
1328,frm_game,Sports_event,2,2,0,0,0,0
235,frm_gathering_up,Gathering_up,3,2,1,2,0,0
30,frm_gesture,Gesture,5,3,2,4,0,0
161,frm_getting,Getting,2,2,0,0,0,0
584,frm_getting_scenario,Getting_scenario,2,2,0,0,0,0
1387,frm_getting_triggered,Getting_triggered,1,1,0,0,0,0
747,frm_getting_underway,Getting_underway,2,2,0,0,0,0
646,frm_getting_up,Getting_up,2,2,0,0,0,0
637,frm_getting_vehicle_underway,Getting_vehicle_underway,3,3,0,0,0,0
296,frm_get_a_job,Get_a_job,4,3,1,2,0,0
1275,frm_get_document,Get_document,2,2,0,0,0,0
61,frm_give_impression,Give_impression,4,2,2,3,0,0
127,frm_giving,Giving,3,3,0,0,0,0
1534,frm_giving_affection,,3,3,0,0,0,0
256,frm_giving_birth,Giving_birth,5,2,2,3,1,2
666,frm_giving_in,Giving_in,5,3,2,3,0,0
583,frm_giving_scenario,Giving_scenario,3,3,0,0,0,0
97,frm_gizmo,Gizmo,1,1,0,0,0,0
571,frm_goal,Goal,3,3,0,0,0,0
697,frm_going_back_on_a_commitment,Going_back_on_a_commitment,3,2,1,2,0,0
1100,frm_government_institution,Government_institution,2,2,0,0,0,0
1270,frm_go_dancing,Go_dancing,3,3,0,0,0,0
950,frm_go_into_shape,Go_into_shape,2,2,0,0,0,0
1293,frm_go_places,Go_places,5,5,0,0,0,0
1274,frm_go_shopping,Go_shopping,3,3,0,0,0,0
1150,frm_gradable_artistic_quality,Gradable_artistic_quality,3,3,0,0,0,0
503,frm_gradable_attributes,Gradable_attributes,4,3,0,0,1,2
1193,frm_gradable_proximity,Gradable_proximity,3,3,0,0,0,0
1038,frm_graph_shape,Graph_shape,3,3,0,0,0,0
495,frm_grasp,Grasp,3,2,1,2,1,2
1557,frm_greeting,,3,3,0,0,0,0
323,frm_grinding,Grinding,3,2,1,2,0,0
145,frm_grooming,Grooming,3,2,1,2,0,0
329,frm_ground_up,Ground_up,1,1,0,0,0,0
1236,frm_group_stage,Preliminary_stage,3,2,1,2,2,3
893,frm_growing_food,Growing_food,2,2,0,0,0,0
836,frm_guest_and_host,Guest_and_host,3,2,1,2,0,0
536,frm_guilt_or_innocence,Guilt_or_innocence,2,2,0,0,0,0
1051,frm_gusto,Gusto,1,1,0,0,0,0
115,frm_hair_configuration,Hair_configuration,4,3,1,2,0,0
509,frm_halt,Halt,1,1,0,0,0,0
868,frm_have_associated,Have_associated,2,2,0,0,0,0
660,frm_have_as_requirement,Have_as_requirement,3,2,0,0,1,2
754,frm_have_as_translation_equivalent,Have_as_translation_equivalent,5,5,0,0,0,0
880,frm_have_visitor_over,Have_visitor_over,2,2,0,0,0,0
706,frm_having_commercial_agreement,Having_commercial_agreement,5,3,0,0,2,3
826,frm_having_or_lacking_access,Having_or_lacking_access,3,3,0,0,0,0
1483,frm_health_care_service,,3,3,0,0,0,0
46,frm_health_response,Health_response,2,2,0,0,0,0
31,frm_hearsay,Hearsay,3,2,1,2,0,0
1001,frm_heat_potential,Heat_potential,1,1,0,0,0,0
1209,frm_hedging,Hedging,1,1,0,0,0,0
519,frm_heralding,Heralding,4,2,1,2,1,2
765,frm_hiding_objects,Hiding_objects,3,3,0,0,0,0
402,frm_hindering,Hindering,3,2,1,2,0,0
1216,frm_hire_provide_touristic_services,Hire_provide_touristic_services,4,4,0,0,0,0
294,frm_hiring,Hiring,5,3,2,3,0,0
850,frm_historic_event,Historic_event,2,1,1,2,0,0
940,frm_history,History,1,1,0,0,0,0
939,frm_history_scenario,History_scenario,1,1,0,0,0,0
844,frm_hit_or_miss,Hit_or_miss,4,2,2,4,0,0
406,frm_hit_target,Hit_target,2,2,0,0,0,0
705,frm_holding_off_on,Holding_off_on,3,2,0,0,1,2
882,frm_hospitality,Hospitality,6,3,3,5,0,0
86,frm_hostile_encounter,Hostile_encounter,5,2,1,2,2,3
1365,frm_host_event,Hosting_event,2,2,0,0,0,0
886,frm_hunting,Hunting,3,3,0,0,0,0
889,frm_hunting_scenario,Hunting_scenario,3,3,0,0,0,0
890,frm_hunting_success_or_failure,Hunting_success_or_failure,2,2,0,0,0,0
1585,frm_hypertext_access,Hypertext_access,2,2,0,0,0,0
513,frm_identicality,Identicality,5,2,0,0,3,4
1388,frm_identity,Identity,2,2,0,0,0,0
1389,frm_identity_scenario,Identity_scenario,3,3,0,0,0,0
497,frm_idiosyncrasy,Idiosyncrasy,2,2,0,0,0,0
895,frm_image_schema,Image_schema,2,2,0,0,0,0
764,frm_imitating,Imitating,3,3,0,0,0,0
225,frm_immobilization,Immobilization,2,2,0,0,0,0
285,frm_impact,Impact,3,1,0,0,2,3
376,frm_importance,Importance,4,2,2,3,1,2
698,frm_importing,Importing,4,4,0,0,0,0
391,frm_import_export_scenario,Import_export_scenario,4,4,0,0,0,0
663,frm_imposing_obligation,Imposing_obligation,5,3,2,3,1,2
996,frm_impression,Impression,3,3,0,0,0,0
537,frm_imprisonment,Imprisonment,3,3,0,0,0,0
1390,frm_improvement_or_decline,Improvement_or_decline,1,1,0,0,0,0
1084,frm_improvised_explosive_device,Improvised_explosive_device,1,1,0,0,0,0
347,frm_inclination,Inclination,2,2,0,0,0,0
554,frm_inclusion,Inclusion,2,2,0,0,0,0
816,frm_inclusion_scenario,Inclusion_scenario,2,2,0,0,0,0
500,frm_increment,Increment,3,3,0,0,0,0
933,frm_indicating,Indicating,3,3,0,0,0,0
690,frm_indigenous_origin,Indigenous_origin,2,2,0,0,0,0
1330,frm_indirect_infractions,Indirect_fouls,1,1,0,0,0,0
848,frm_individual_history,Individual_history,2,2,0,0,0,0
1356,frm_individual_moves,Individual_moves,1,1,0,0,0,0
866,frm_ineffability,Ineffability,2,2,0,0,0,0
1188,frm_infecting,Infecting,3,3,0,0,0,0
1027,frm_influencing_potential,Influencing_potential,3,2,1,2,0,0
712,frm_information,Information,3,3,0,0,0,0
1098,frm_information_display,Information_display,1,1,0,0,0,0
1316,frm_infractions,Infractions,3,3,0,0,0,0
656,frm_infrastructure,Infrastructure,5,5,0,0,0,0
238,frm_ingestion,Ingestion,2,2,0,0,0,0
356,frm_ingest_substance,Ingest_substance,3,2,1,2,0,0
621,frm_ingredients,Ingredients,3,3,0,0,0,0
1144,frm_inherent_purpose,Inherent_purpose,2,2,0,0,0,0
1108,frm_inhibit_motion_scenario,Inhibit_motion_scenario,4,4,0,0,0,0
221,frm_inhibit_movement,Inhibit_movement,4,3,0,0,1,2
599,frm_inspecting,Inspecting,5,3,2,3,0,0
686,frm_installing,Installing,3,3,0,0,0,0
121,frm_instance,Instance,2,2,0,0,0,0
736,frm_institutionalization,Institutionalization,3,3,0,0,0,0
723,frm_institutions,Institutions,2,2,0,0,0,0
1441,frm_instrumentos_musicais,frm_instrumentos_musicais,1,1,0,0,0,0
178,frm_intentionally_act,Intentionally_act,2,2,0,0,0,0
207,frm_intentionally_affect,Intentionally_affect,3,2,1,2,0,0
255,frm_intentionally_create,Intentionally_create,2,2,0,0,0,0
1052,frm_intentional_deception,Intentional_deception,3,3,0,0,0,0
748,frm_intentional_traversing,Intentional_traversing,6,2,4,5,3,4
1357,frm_interactive_moves,Interactive_moves,3,1,0,0,2,3
677,frm_intercepting,Intercepting,2,2,0,0,0,0
572,frm_interior_profile_relation,Interior_profile_relation,3,3,0,0,0,0
839,frm_interrupt_process,Interrupt_process,3,2,0,0,1,2
359,frm_intoxicants,Intoxicants,1,1,0,0,0,0
192,frm_intoxication,Intoxication,2,2,0,0,0,0
901,frm_invading,Invading,2,2,0,0,0,0
903,frm_invasion_scenario,Invasion_scenario,2,2,0,0,0,0
1072,frm_irregular_combatants,Irregular_combatants,1,1,0,0,0,0
389,frm_isolated_places,Isolated_places,1,1,0,0,0,0
23,frm_judgment,Judgment,4,3,1,2,0,0
197,frm_judgment_communication,Judgment_communication,6,3,3,5,1,2
448,frm_judgment_direct_address,Judgment_direct_address,6,3,3,5,1,2
1148,frm_judgment_of_intensity,Judgment_of_intensity,3,3,0,0,0,0
726,frm_judicial_body,Judicial_body,4,4,0,0,0,0
270,frm_jury_deliberation,Jury_deliberation,4,2,2,3,0,0
416,frm_justifying,Justifying,3,2,1,2,0,0
918,frm_just_found_out,Just_found_out,5,5,0,0,0,0
1156,frm_key,Key,4,2,3,6,0,0
111,frm_kidnapping,Kidnapping,2,2,0,0,0,0
433,frm_killing,Killing,5,3,2,3,4,6
95,frm_kinship,Kinship,3,1,0,0,2,3
223,frm_knot_creation,Knot_creation,2,2,0,0,0,0
777,frm_knot_creation_scenario,Knot_creation_scenario,3,3,0,0,0,0
594,frm_labeling,Labeling,4,3,1,2,0,0
958,frm_labor_product,Labor_product,4,3,0,0,1,2
1504,frm_language__ability,,3,3,0,0,0,0
1453,frm_lateralidade,,2,2,0,0,0,0
926,frm_launch_process,Launch_process,2,2,0,0,0,0
482,frm_law,Law,3,2,1,2,0,0
1101,frm_law_enforcement_agency,Law_enforcement_agency,2,2,0,0,0,0
67,frm_leadership,Leadership,4,2,2,4,0,0
1035,frm_leaving_traces,Leaving_traces,3,2,1,2,0,0
516,frm_left_to_do,Left_to_do,2,2,0,0,0,0
409,frm_legality,Legality,2,1,1,2,0,0
931,frm_legal_rulings,Legal_rulings,4,4,0,0,0,0
1160,frm_lending,Lending,3,3,0,0,0,0
1391,frm_level_of_force_exertion,Level_of_force_exertion,3,3,0,0,0,0
1392,frm_level_of_force_resistance,Level_of_force_resistance,2,2,0,0,0,0
1140,frm_level_of_light,Level_of_light,2,1,1,2,0,0
120,frm_light_movement,Light_movement,5,2,3,5,0,0
103,frm_likelihood,Likelihood,1,1,0,0,0,0
1143,frm_limitation,Limitation,1,1,0,0,0,0
1142,frm_limiting,Limiting,4,3,0,0,1,2
1455,frm_línguas,,1,1,0,0,0,0
375,frm_linguistic_meaning,Linguistic_meaning,3,2,1,2,0,0
1583,frm_literary_musical_and_cinematic_genre,Literary_musical_and_cinematic_genre,1,1,0,0,0,0
846,frm_lively_place,Lively_place,3,2,1,2,0,0
1048,frm_living_conditions,Living_conditions,2,2,0,0,0,0
172,frm_locale,Locale,1,1,0,0,0,0
1128,frm_locale_by_characteristic_entity,Locale_by_characteristic_entity,2,2,0,0,0,0
1087,frm_locale_by_collocation,Locale_by_collocation,2,2,0,0,0,0
858,frm_locale_by_event,Locale_by_event,2,2,0,0,0,0
960,frm_locale_by_ownership,Locale_by_ownership,2,2,0,0,0,0
176,frm_locale_by_use,Locale_by_use,2,2,0,0,0,0
1082,frm_locale_closure,Locale_closure,1,1,0,0,0,0
460,frm_locating,Locating,4,3,1,2,0,0
953,frm_location_in_time,Location_in_time,1,1,0,0,0,0
96,frm_location_of_light,Location_of_light,3,2,1,2,0,0
1207,frm_location_on_path,Location_on_path,4,4,0,0,0,0
1598,frm_locative_deixis,Locative_deixis,3,3,0,0,0,0
179,frm_locative_relation,Locative_relation,4,3,0,0,1,2
1162,frm_locative_scenario,Locative_scenario,4,2,0,0,2,3
856,frm_lodging_scenario,Lodging_scenario,3,3,0,0,0,0
184,frm_lose_possession,Lose_possession,3,3,0,0,0,0
190,frm_lose_possession_scenario,Lose_possession_scenario,2,2,0,0,0,0
966,frm_losing,Losing,2,2,0,0,0,0
494,frm_losing_it,Losing_it,2,2,0,0,0,0
965,frm_losing_someone,Losing_someone,2,2,0,0,0,0
967,frm_losing_track_of,Losing_track_of,2,2,0,0,0,0
969,frm_losing_track_of_perceiver,Losing_track_of_perceiver,2,2,0,0,0,0
968,frm_losing_track_of_theme,Losing_track_of_theme,2,2,0,0,0,0
809,frm_luck,Luck,3,2,1,2,0,0
1462,frm_machinery,,1,1,0,0,0,0
1531,frm_maintenance,,2,2,0,0,0,0
529,frm_make_acquaintance,Make_acquaintance,3,1,0,0,2,3
616,frm_make_agreement_on_action,Make_agreement_on_action,5,2,1,2,2,3
227,frm_make_cognitive_connection,Make_cognitive_connection,4,2,0,0,2,3
1129,frm_make_compromise,Make_compromise,5,5,0,0,0,0
63,frm_make_noise,Make_noise,3,2,1,2,0,0
1183,frm_making_arrangements,Making_arrangements,3,3,0,0,0,0
462,frm_making_faces,Making_faces,2,1,1,2,0,0
85,frm_manipulate_into_doing,Manipulate_into_doing,4,3,1,2,0,0
949,frm_manipulate_into_shape,Manipulate_into_shape,2,2,0,0,0,0
12,frm_manipulation,Manipulation,3,2,1,2,0,0
1047,frm_manner,Manner,5,5,0,0,1,2
1046,frm_manner_of_life,Manner_of_life,3,3,0,0,0,0
377,frm_manufacturing,Manufacturing,3,2,1,2,0,0
693,frm_margin_of_resolution,Margin_of_resolution,4,4,0,0,0,0
259,frm_mass_motion,Mass_motion,6,3,3,4,4,5
1147,frm_mathematical_relationship,Mathematical_relationship,2,2,0,0,0,0
800,frm_means,Means,3,3,0,0,0,0
1292,frm_means_of_transportation,Means_of_transportation,1,1,0,0,0,0
486,frm_measurable_attributes,Measurable_attributes,4,3,0,0,1,2
772,frm_measures,Measures,4,4,0,0,0,0
142,frm_measure_area,Measure_area,4,3,0,0,1,2
467,frm_measure_by_action,Measure_by_action,2,2,0,0,0,0
201,frm_measure_duration,Measure_duration,3,3,0,0,0,0
135,frm_measure_mass,Measure_mass,3,3,0,0,0,0
140,frm_measure_of_distance_and_length,Measure_of_distance_and_length,3,3,0,0,0,0
773,frm_measure_scenario,Measure_scenario,6,6,0,0,0,0
141,frm_measure_volume,Measure_volume,3,3,0,0,0,0
215,frm_medical_conditions,Medical_conditions,2,2,0,0,0,0
1478,frm_medical_exam,,1,1,0,0,0,0
232,frm_medical_instruments,Medical_instruments,1,1,0,0,0,0
1138,frm_medical_interaction_scenario,Medical_interaction_scenario,3,3,0,0,0,0
1155,frm_medical_intervention,Medical_intervention,5,5,0,0,0,0
230,frm_medical_professionals,Medical_professionals,1,1,0,0,0,0
231,frm_medical_specialties,Medical_specialties,1,1,0,0,0,0
1466,frm_medicamentos,,1,1,0,0,0,0
885,frm_medium,Medium,2,2,0,0,0,0
979,frm_meet_specifications,Meet_specifications,4,2,2,3,0,0
982,frm_meet_with,Meet_with,2,2,0,0,0,0
976,frm_meet_with_response,Meet_with_response,2,2,0,0,0,0
511,frm_membership,Membership,2,2,0,0,0,0
1112,frm_member_of_military,Member_of_military,1,1,0,0,0,0
541,frm_memorization,Memorization,2,2,0,0,0,0
124,frm_memory,Memory,3,2,1,2,0,0
778,frm_mental_activity,Mental_activity,4,3,0,0,1,2
24,frm_mental_property,Mental_property,3,2,1,2,1,2
913,frm_mental_stimulus_exp_focus,Mental_stimulus_exp_focus,5,2,3,5,0,0
915,frm_mental_stimulus_stimulus_focus,Mental_stimulus_stimulus_focus,2,2,0,0,0,0
932,frm_mention,Mention,4,2,1,2,1,2
1610,frm_metacommunicative_comment,Metacommunicative_comment,2,2,0,0,0,0
672,frm_military,Military,2,2,0,0,0,0
1118,frm_military_operation,Military_operation,4,3,1,2,0,0
1002,frm_mining,Mining,2,2,0,0,0,0
533,frm_misdeed,Misdeed,2,2,0,0,0,0
1457,frm_modelo_político_econômico,,1,1,0,0,0,0
791,frm_money,Money,1,1,0,0,0,0
341,frm_morality_evaluation,Morality_evaluation,3,1,2,3,0,0
3,frm_motion,Motion,7,3,4,5,5,6
334,frm_motion_directional,Motion_directional,6,3,3,4,4,5
54,frm_motion_noise,Motion_noise,5,3,2,3,3,4
214,frm_motion_scenario,Motion_scenario,10,8,2,3,3,4
440,frm_moving_in_place,Moving_in_place,1,1,0,0,0,0
595,frm_namesake,Namesake,2,2,0,0,0,0
198,frm_name_conferral,Name_conferral,3,3,0,0,0,0
1276,frm_natural_disaster,Natural_disaster,1,1,0,0,0,0
171,frm_natural_features,Natural_features,1,1,0,0,0,0
1439,frm_natural_phenomena,Natural_phenomena,1,1,0,0,0,0
629,frm_needing,Needing,4,3,1,2,0,0
1189,frm_negation,Negation,2,2,0,0,0,0
1196,frm_negative_conditional,Negative_conditional,2,2,0,0,0,0
730,frm_network,Network,3,3,0,0,0,0
505,frm_noise_makers,Noise_makers,1,1,0,0,0,0
988,frm_non-commutative_process,Non-commutative_process,2,2,0,0,0,0
989,frm_non-commutative_statement,Non-commutative_statement,3,3,0,0,0,0
1190,frm_non-gradable_proximity,Non-gradable_proximity,2,2,0,0,0,0
1080,frm_noncombatant,Noncombatant,1,1,0,0,0,0
1043,frm_notability,Notability,2,1,1,2,0,0
118,frm_notification_of_charges,Notification_of_charges,3,3,0,0,0,0
863,frm_nuclear_process,Nuclear_process,3,3,0,0,0,0
528,frm_objective_influence,Objective_influence,7,3,0,0,6,12
1517,frm_object_of_knowledge,,1,1,0,0,0,0
662,frm_obligation_scenario,Obligation_scenario,2,2,0,0,0,0
831,frm_obscurity,Obscurity,1,1,0,0,0,0
625,frm_obviousness,Obviousness,3,3,0,0,0,0
633,frm_occupy_rank,Occupy_rank,3,3,0,0,0,0
400,frm_offenses,Offenses,3,3,0,0,0,0
983,frm_offering,Offering,3,3,0,0,0,0
1393,frm_offshoot,Offshoot,1,1,0,0,0,0
381,frm_omen,Omen,3,2,1,2,0,0
1133,frm_ontogeny,Ontogeny,3,2,1,2,2,4
828,frm_openness,Openness,3,2,0,0,1,2
59,frm_operate_vehicle,Operate_vehicle,6,4,2,3,3,4
1095,frm_operate_vehicle_scenario,Operate_vehicle_scenario,6,6,0,0,0,0
664,frm_operating_a_system,Operating_a_system,2,2,0,0,0,0
604,frm_operational_testing,Operational_testing,6,3,3,4,0,0
644,frm_opinion,Opinion,2,2,0,0,0,0
1011,frm_opportunity,Opportunity,3,3,0,0,0,0
995,frm_optical_image,Optical_image,2,2,0,0,0,0
549,frm_ordinal_numbers,Ordinal_numbers,5,4,0,0,1,2
627,frm_organization,Organization,2,2,0,0,0,0
1560,frm_organization_of_conversation,Organization_of_conversation,1,1,0,0,0,0
1561,frm_organization_of_conversation,Organization_of_conversation,3,3,0,0,0,0
535,frm_origin,Origin,2,2,0,0,0,0
916,frm_others_situation_as_stimulus,Others_situation_as_stimulus,3,2,1,2,0,0
937,frm_out_of_existence,Out_of_existence,1,1,0,0,0,0
441,frm_pardon,Pardon,3,3,0,0,0,0
321,frm_partiality,Partiality,8,3,5,7,2,3
1594,frm_participants_in_discourse,Participants_in_discourse,3,3,0,0,0,0
546,frm_participation,Participation,5,2,0,0,3,5
501,frm_partitive,Partitive,2,2,0,0,0,0
302,frm_part_edge,Part_edge,2,2,0,0,0,0
299,frm_part_inner_outer,Part_inner_outer,2,2,0,0,0,0
303,frm_part_ordered_segments,Part_ordered_segments,3,3,0,0,0,0
131,frm_part_orientational,Part_orientational,2,2,0,0,0,0
130,frm_part_piece,Part_piece,2,2,0,0,0,0
128,frm_part_whole,Part_whole,2,2,0,0,0,0
927,frm_passing,Passing,8,4,4,5,5,6
763,frm_passing_off,Passing_off,4,4,0,0,0,0
55,frm_path_shape,Path_shape,7,4,3,4,4,5
713,frm_path_traveled,Path_traveled,2,2,0,0,0,0
1475,frm_patógeno,,2,2,0,0,0,0
1076,frm_patrolling,Patrolling,5,3,2,3,0,0
947,frm_pattern,Pattern,1,1,0,0,0,0
1459,frm_patterns,,2,2,0,0,0,0
1214,frm_pay_collect_touristic_services,Pay_collect_touristic_services,4,4,0,0,0,0
278,frm_people,People,1,1,0,0,0,0
695,frm_people_along_political_spectrum,People_along_political_spectrum,1,1,0,0,0,0
492,frm_people_by_age,People_by_age,2,2,0,0,0,0
1486,frm_people_by_criminal_framing,,2,2,0,0,0,0
1429,frm_people_by_ethnicity,People_by_ethnicity,2,2,0,0,0,0
508,frm_people_by_jurisdiction,People_by_jurisdiction,1,1,0,0,0,0
1338,frm_people_by_leisure_activity,People_by_leisure_activity,2,2,0,0,0,0
1113,frm_people_by_military_specialty,People_by_military_specialty,1,1,0,0,0,0
534,frm_people_by_morality,People_by_morality,1,1,0,0,0,0
493,frm_people_by_origin,People_by_origin,2,2,0,0,0,0
507,frm_people_by_religion,People_by_religion,2,2,0,0,0,0
545,frm_people_by_residence,People_by_residence,3,3,0,0,0,0
1417,frm_people_by_social_framing,People_by_social_framing,2,2,0,0,0,0
1430,frm_people_by_transitory_activity,People_by_transitory_activity,2,2,0,0,0,0
1487,frm_people_by_transitory_state,,2,2,0,0,0,0
1440,frm_people_by_transit_mode,frm_people_by_transit_mode,2,2,0,0,0,0
524,frm_people_by_vocation,People_by_vocation,1,1,0,0,0,0
4,frm_perception,Perception,2,2,0,0,0,0
60,frm_perception_active,Perception_active,4,2,2,4,0,0
62,frm_perception_body,Perception_body,2,1,1,2,0,0
64,frm_perception_experience,Perception_experience,3,2,1,2,0,0
525,frm_performers,Performers,1,1,0,0,0,0
382,frm_performers_and_roles,Performers_and_roles,10,8,0,0,2,3
374,frm_performing_arts,Performing_arts,8,8,0,0,0,0
1433,frm_personality_traits,Personality_traits,2,2,0,0,0,0
93,frm_personal_relationship,Personal_relationship,3,1,0,0,2,3
1018,frm_personal_success,Personal_success,2,1,1,2,0,0
1595,frm_person_deixis,Person_deixis,3,3,0,0,0,0
1469,frm_pessoas_por_condição_médica,,1,1,0,0,0,0
1451,frm_pessoas_por_gênero,,3,3,0,0,0,0
1591,frm_pessoa_com_deficiência,Pessoa_com_deficiência,2,2,0,0,0,0
1570,frm_phenomenon,Phenomenon,1,1,0,0,0,0
756,frm_physical_artworks,Physical_artworks,1,1,0,0,0,0
276,frm_physical_entity,Physical_entity,1,1,0,0,0,0
112,frm_piracy,Piracy,3,2,1,2,0,0
56,frm_placing,Placing,4,3,0,0,1,2
1006,frm_placing_scenario,Placing_scenario,4,4,0,0,0,0
1049,frm_planned_trajectory,Planned_trajectory,4,2,2,3,0,0
1254,frm_planning_by_tourist,Planning_by_tourist,2,2,0,0,0,0
894,frm_planting,Planting,3,3,0,0,0,0
1187,frm_plants,Plants,1,1,0,0,0,0
1533,frm_playing,,3,2,1,2,0,0
727,frm_point_of_dispute,Point_of_dispute,1,1,0,0,0,0
1264,frm_police,Police,2,2,0,0,0,0
1032,frm_political_actions,Political_actions,3,3,0,0,0,0
175,frm_political_locales,Political_locales,1,1,0,0,0,0
1015,frm_popularity,Popularity,1,1,0,0,0,0
762,frm_posing_as,Posing_as,2,2,0,0,0,0
88,frm_position_on_a_scale,Position_on_a_scale,3,3,0,0,0,0
107,frm_possession,Possession,2,2,0,0,0,0
941,frm_possibility,Possibility,2,2,0,0,0,0
13,frm_posture,Posture,3,2,1,2,0,0
578,frm_post_getting,Post_getting,2,2,0,0,0,0
580,frm_post_giving,Post_giving,3,3,0,0,0,0
186,frm_post_lose_possession,Post_lose_possession,2,2,0,0,0,0
575,frm_post_receiving,Post_receiving,3,3,0,0,0,0
582,frm_post_transfer,Post_transfer,3,3,0,0,0,0
484,frm_practice,Practice,3,3,0,0,0,0
368,frm_praiseworthiness,Praiseworthiness,2,1,1,2,0,0
1064,frm_prank,Prank,3,3,0,0,0,0
1136,frm_precariousness,Precariousness,3,3,0,0,0,0
287,frm_precipitation,Precipitation,3,3,0,0,0,0
274,frm_predicament,Predicament,2,2,0,0,0,0
394,frm_predicting,Predicting,4,4,0,0,0,0
742,frm_preference,Preference,5,3,2,3,0,0
1198,frm_preferred_alternative_scenario,Preferred_alternative_scenario,4,4,0,0,0,0
865,frm_preliminaries,Preliminaries,4,3,1,2,1,2
859,frm_presence,Presence,2,2,0,0,0,0
1394,frm_presentation_of_mitigation,Presentation_of_mitigation,1,1,0,0,0,0
1601,frm_preserve,Preserve,3,3,0,0,0,0
311,frm_preserving,Preserving,3,3,0,0,0,0
262,frm_prevarication,Prevarication,3,3,0,0,0,0
1395,frm_preventing_or_letting,Preventing_or_letting,3,3,0,0,0,0
1396,frm_prevent_or_allow_possession,Prevent_or_allow_possession,4,4,0,0,0,0
576,frm_pre_getting,Pre_getting,2,2,0,0,0,0
579,frm_pre_giving,Pre_giving,2,2,0,0,0,0
185,frm_pre_lose_possession,Pre_lose_possession,3,3,0,0,0,0
574,frm_pre_receiving,Pre_receiving,3,3,0,0,0,0
581,frm_pre_transfer,Pre_transfer,2,2,0,0,0,0
1023,frm_price_per_unit,Price_per_unit,2,2,0,0,0,0
357,frm_prison,Prison,1,1,0,0,0,0
1012,frm_probability,Probability,3,3,0,0,0,0
209,frm_process,Process,1,1,0,0,0,0
435,frm_processing_materials,Processing_materials,3,3,0,0,0,0
210,frm_process_completed_state,Process_completed_state,1,1,0,0,0,0
133,frm_process_continue,Process_continue,1,1,0,0,0,0
208,frm_process_end,Process_end,1,1,0,0,0,0
138,frm_process_initial_state,Process_initial_state,1,1,0,0,0,0
795,frm_process_pause,Process_pause,1,1,0,0,0,0
136,frm_process_resume,Process_resume,1,1,0,0,0,0
122,frm_process_start,Process_start,1,1,0,0,0,0
132,frm_process_stop,Process_stop,1,1,0,0,0,0
139,frm_process_stopped_state,Process_stopped_state,1,1,0,0,0,0
794,frm_process_uncompleted_state,Process_uncompleted_state,1,1,0,0,0,0
1202,frm_procreative_sex,Procreative_sex,3,1,0,0,2,3
700,frm_product_delivery,Product_delivery,4,3,0,0,1,2
1132,frm_product_development,Product_development,2,2,0,0,0,0
1131,frm_product_development_scenario,Product_development_scenario,2,2,0,0,0,0
1041,frm_product_line,Product_line,4,2,2,4,0,0
1397,frm_progression,Progression,1,1,0,0,0,0
1398,frm_prohibiting_or_licensing,Prohibiting_or_licensing,2,2,0,0,0,0
559,frm_project,Project,6,5,0,0,1,2
718,frm_proliferating_in_number,Proliferating_in_number,7,3,4,5,0,0
651,frm_prominence,Prominence,2,2,0,0,0,0
710,frm_proper_reference,Proper_reference,2,2,0,0,0,0
1024,frm_proportion,Proportion,3,3,0,0,0,0
860,frm_proportional_quantity,Proportional_quantity,4,4,0,0,0,0
743,frm_protecting,Protecting,3,3,0,0,0,0
1065,frm_protest,Protest,4,2,2,3,0,0
855,frm_provide_lodging,Provide_lodging,3,3,0,0,0,0
896,frm_proximity_image_schema,Proximity_image_schema,3,3,0,0,0,0
724,frm_public_services,Public_services,4,4,0,0,0,0
1081,frm_publishing,Publishing,3,3,0,0,0,0
930,frm_punctual_perception,Punctual_perception,3,3,0,0,0,0
417,frm_purpose,Purpose,5,3,2,4,2,4
1166,frm_putting_out_fire,Putting_out_fire,2,2,0,0,0,0
1549,frm_quality,,3,3,0,0,0,0
170,frm_quantified_mass,Quantified_mass,3,2,1,2,1,2
1075,frm_quantity,Quantity,3,3,0,0,0,0
447,frm_quarreling,Quarreling,4,2,0,0,2,3
34,frm_questioning,Questioning,4,3,1,2,0,0
1608,frm_question_self-answered,Question_self-answered,2,2,0,0,0,0
297,frm_quitting,Quitting,4,2,2,3,0,0
749,frm_quitting_a_place,Quitting_a_place,2,2,0,0,0,0
992,frm_race_descriptor,Race_descriptor,1,1,0,0,0,0
1596,frm_raising,Raising,2,2,0,0,0,0
623,frm_range,Range,4,4,0,0,0,0
631,frm_rank,Rank,2,2,0,0,0,0
682,frm_ranked_expectation,Ranked_expectation,1,1,0,0,0,0
116,frm_rape,Rape,3,3,0,0,0,0
709,frm_rashness,Rashness,2,2,0,0,0,0
1019,frm_rate_description,Rate_description,2,1,1,2,0,0
1020,frm_rate_quantification,Rate_quantification,3,2,1,2,0,0
624,frm_ratification,Ratification,2,2,0,0,0,0
1180,frm_reading_activity,Reading_activity,3,2,0,0,1,2
971,frm_reading_aloud,Reading_aloud,3,3,0,0,0,0
254,frm_reading_perception,Reading_perception,2,2,0,0,0,0
418,frm_reason,Reason,3,3,0,0,0,0
282,frm_reasoning,Reasoning,2,2,0,0,0,0
632,frm_reassuring,Reassuring,4,3,1,2,0,0
1062,frm_rebellion,Rebellion,3,3,0,0,0,0
879,frm_receive_visitor_scenario,Receive_visitor_scenario,2,2,0,0,0,0
380,frm_receiving,Receiving,3,3,0,0,0,0
573,frm_receiving_scenario,Receiving_scenario,3,3,0,0,0,0
5,frm_reciprocality,Reciprocality,3,1,0,0,2,3
733,frm_recording,Recording,5,4,1,2,2,3
1122,frm_records,Records,1,1,0,0,0,0
45,frm_recovery,Recovery,3,1,2,3,0,0
679,frm_redirecting,Redirecting,7,3,3,4,1,2
1279,frm_referees,Referees,1,1,0,0,0,0
1318,frm_referee_actions,Referee_actions,2,2,0,0,0,0
861,frm_reference_text,Reference_text,1,1,0,0,0,0
1581,frm_reference_universe,Reference_universe,2,2,0,0,0,0
596,frm_referring_by_name,Referring_by_name,3,3,0,0,0,0
701,frm_reforming_a_system,Reforming_a_system,3,2,1,2,1,2
642,frm_regard,Regard,3,3,0,0,0,0
905,frm_region_with_portal,Region_with_portal,5,5,0,0,0,0
1436,frm_reject_leadership,Reject_leadership,7,7,0,0,0,0
732,frm_rejuvenation,Rejuvenation,3,2,0,0,2,4
924,frm_relating_concepts,Relating_concepts,4,4,0,0,0,0
224,frm_relation,Relation,4,2,0,0,2,3
1086,frm_relational_location,Relational_location,2,2,0,0,0,0
659,frm_relational_natural_features,Relational_natural_features,2,2,0,0,0,0
833,frm_relational_political_locales,Relational_political_locales,2,2,0,0,0,0
1022,frm_relational_quantity,Relational_quantity,4,2,2,3,0,0
775,frm_relation_between_individuals,Relation_between_individuals,4,2,0,0,2,3
75,frm_relative_time,Relative_time,3,2,1,2,0,0
289,frm_releasing,Releasing,3,3,0,0,0,0
781,frm_releasing_from_custody,Releasing_from_custody,3,3,0,0,0,0
477,frm_reliance,Reliance,6,3,0,0,4,8
478,frm_reliance_on_expectation,Reliance_on_expectation,2,2,0,0,0,0
506,frm_religious_belief,Religious_belief,4,3,1,2,2,4
514,frm_remainder,Remainder,4,2,2,3,3,5
591,frm_remembering_experience,Remembering_experience,5,2,0,0,4,7
589,frm_remembering_information,Remembering_information,2,2,0,0,0,0
590,frm_remembering_to_do,Remembering_to_do,3,2,0,0,1,2
57,frm_removing,Removing,4,3,1,2,1,2
812,frm_removing_scenario,Removing_scenario,4,4,0,0,0,0
385,frm_render_nonfunctional,Render_nonfunctional,3,2,1,2,0,0
785,frm_renting,Renting,2,2,0,0,0,0
786,frm_renting_out,Renting_out,3,3,0,0,0,0
593,frm_renunciation,Renunciation,3,3,0,0,0,0
1589,frm_repairing,Repairing,2,2,0,0,0,0
369,frm_reparation,Reparation,5,4,1,2,0,0
1013,frm_repayment,Repayment,4,4,0,0,0,0
904,frm_repel,Repel,3,2,1,2,0,0
538,frm_replacing,Replacing,3,3,0,0,0,0
405,frm_reporting,Reporting,4,3,1,2,0,0
1120,frm_representative,Representative,1,1,0,0,0,0
957,frm_representing,Representing,2,2,0,0,0,0
35,frm_request,Request,4,3,1,2,0,0
1134,frm_request_entity,Request_entity,3,3,0,0,0,0
635,frm_required_event,Required_event,1,1,0,0,0,0
661,frm_requirement_scenario,Requirement_scenario,3,3,0,0,0,0
1185,frm_rescuing,Rescuing,4,3,1,2,0,0
553,frm_research,Research,4,2,2,3,0,0
1121,frm_reserving,Reserving,5,5,0,0,0,0
316,frm_reshaping,Reshaping,4,3,1,2,0,0
100,frm_residence,Residence,3,2,1,2,0,0
678,frm_resolve_problem,Resolve_problem,3,2,0,0,1,2
739,frm_respond_to_proposal,Respond_to_proposal,3,2,1,2,0,0
605,frm_response,Response,4,3,0,0,1,2
975,frm_response_scenario,Response_scenario,4,4,0,0,0,0
1102,frm_responsibility,Responsibility,2,2,0,0,0,0
499,frm_rest,Rest,3,3,0,0,0,0
1399,frm_result_of_attempt_scenario,Result_of_attempt_scenario,3,3,0,0,0,0
645,frm_resurrection,Resurrection,1,1,0,0,0,0
1163,frm_retaining,Retaining,2,2,0,0,0,0
548,frm_reveal_secret,Reveal_secret,4,2,2,4,0,0
319,frm_revenge,Revenge,5,3,2,4,0,0
1063,frm_revolution,Revolution,3,3,0,0,0,0
194,frm_rewards_and_punishments,Rewards_and_punishments,4,2,2,4,0,0
443,frm_ride_vehicle,Ride_vehicle,6,4,2,3,3,4
650,frm_rising_to_a_challenge,Rising_to_a_challenge,2,2,0,0,0,0
792,frm_risky_situation,Risky_situation,3,2,1,2,1,2
793,frm_risk_scenario,Risk_scenario,3,3,0,0,0,0
275,frm_rite,Rite,9,7,2,4,0,0
183,frm_roadways,Roadways,1,1,0,0,0,0
91,frm_robbery,Robbery,3,2,1,2,0,0
222,frm_rope_manipulation,Rope_manipulation,3,3,0,0,0,0
312,frm_rotting,Rotting,1,1,0,0,0,0
348,frm_run_risk,Run_risk,4,2,2,4,1,2
1130,frm_sacrificing_for,Sacrificing_for,3,3,0,0,0,0
1343,frm_sanctions,Sanctions,4,3,1,2,0,0
977,frm_satisfying,Satisfying,4,2,2,3,0,0
722,frm_scarcity,Scarcity,3,3,0,0,0,0
1580,frm_scenario,Scenario,0,0,0,0,0,0
1182,frm_scheduling,Scheduling,3,3,0,0,0,0
1508,frm_school_supplies,,1,1,0,0,0,0
864,frm_scope,Scope,3,2,0,0,1,2
600,frm_scouring,Scouring,3,3,0,0,0,0
770,frm_scrutinizing_for,Scrutinizing_for,3,3,0,0,0,0
25,frm_scrutiny,Scrutiny,4,2,2,3,0,0
771,frm_searching_scenario,Searching_scenario,3,3,0,0,0,0
547,frm_secrecy_status,Secrecy_status,1,1,0,0,0,0
244,frm_seeking,Seeking,2,2,0,0,0,0
655,frm_seeking_to_achieve,Seeking_to_achieve,3,2,0,0,1,2
1055,frm_see_through,See_through,6,6,0,0,0,0
1609,frm_self-positioning,Self-positioning,3,3,0,0,0,0
1097,frm_self_control,Self_control,2,2,0,0,0,0
58,frm_self_motion,Self_motion,6,3,3,4,4,5
219,frm_sending,Sending,5,3,2,4,0,0
65,frm_sensation,Sensation,5,5,0,0,0,0
271,frm_sentencing,Sentencing,5,4,0,0,1,2
728,frm_sent_items,Sent_items,1,1,0,0,0,0
10,frm_separating,Separating,6,3,2,3,3,5
948,frm_sequence,Sequence,4,2,0,0,2,3
1541,frm_service_client_supplier_interaction,,3,3,0,0,0,0
1039,frm_serving_in_capacity,Serving_in_capacity,2,2,0,0,0,0
1473,frm_ser_diagnosticado,,2,2,0,0,0,0
1174,frm_setting_back_burn,Setting_back_burn,3,3,0,0,0,0
258,frm_setting_fire,Setting_fire,4,2,1,2,1,2
751,frm_setting_out,Setting_out,2,2,0,0,0,0
734,frm_set_of_interrelated_entities,Set_of_interrelated_entities,2,2,0,0,0,0
818,frm_set_relation,Set_relation,2,2,0,0,0,0
421,frm_severity_of_offense,Severity_of_offense,1,1,0,0,0,0
1201,frm_sex,Sex,3,1,0,0,2,3
1204,frm_sexual_reproduction_scenario,Sexual_reproduction_scenario,4,4,0,0,0,0
489,frm_shaped_part,Shaped_part,2,2,0,0,0,0
300,frm_shapes,Shapes,2,2,0,0,0,0
1164,frm_sharing,Sharing,4,2,0,0,2,3
601,frm_sharpness,Sharpness,4,4,0,0,0,0
784,frm_shooting_scenario,Shooting_scenario,2,2,0,0,0,0
264,frm_shoot_projectiles,Shoot_projectiles,2,2,0,0,0,0
832,frm_shopping,Shopping,2,2,0,0,0,0
961,frm_short_selling,Short_selling,4,4,0,0,0,0
648,frm_sidereal_appearance,Sidereal_appearance,1,1,0,0,0,0
397,frm_sign,Sign,2,2,0,0,0,0
552,frm_sign_agreement,Sign_agreement,3,2,1,2,0,0
260,frm_silencing,Silencing,3,2,1,2,0,0
403,frm_similarity,Similarity,5,3,0,0,2,3
597,frm_simple_name,Simple_name,2,2,0,0,0,0
598,frm_simple_naming,Simple_naming,3,3,0,0,0,0
841,frm_simultaneity,Simultaneity,3,1,0,0,2,3
1472,frm_sinais_vitais,,2,2,0,0,0,0
1464,frm_sintomas,,2,2,0,0,0,0
1000,frm_size,Size,2,2,0,0,0,0
239,frm_sleep,Sleep,1,1,0,0,0,0
268,frm_sleep_wake_cycle,Sleep_wake_cycle,2,2,0,0,0,0
158,frm_smuggling,Smuggling,5,3,2,3,0,0
305,frm_soaking,Soaking,3,3,0,0,0,0
909,frm_soaking_up,Soaking_up,2,2,0,0,0,0
68,frm_sociability,Sociability,3,3,0,0,0,0
935,frm_socially_significant_history_scenario,Socially_significant_history_scenario,1,1,0,0,0,0
340,frm_social_behavior_evaluation,Social_behavior_evaluation,3,2,1,2,0,0
228,frm_social_connection,Social_connection,4,2,0,0,2,3
1105,frm_social_desirability,Social_desirability,1,1,0,0,0,0
1577,frm_social_entity,Social_entity,1,1,0,0,0,0
114,frm_social_event,Social_event,2,2,0,0,0,0
999,frm_social_event_collective,Social_event_collective,1,1,0,0,0,0
998,frm_social_event_individuals,Social_event_individuals,2,2,0,0,0,0
342,frm_social_interaction_evaluation,Social_interaction_evaluation,6,3,3,4,1,2
327,frm_sole_instance,Sole_instance,2,2,0,0,0,0
470,frm_sounds,Sounds,1,1,0,0,5,6
959,frm_sound_level,Sound_level,4,4,0,0,0,0
471,frm_sound_movement,Sound_movement,5,2,3,4,0,0
620,frm_source_of_getting,Source_of_getting,3,3,0,0,0,0
562,frm_source_path_goal,Source_path_goal,5,5,0,0,0,0
1197,frm_spatial_co-location,Spatial_co-location,2,2,0,0,0,0
1191,frm_spatial_contact,Spatial_contact,3,3,0,0,0,0
426,frm_speak_on_topic,Speak_on_topic,3,3,0,0,0,0
1110,frm_specific_individual,Specific_individual,2,2,0,0,0,0
487,frm_speed_description,Speed_description,4,2,1,2,1,2
526,frm_spelling_and_pronouncing,Spelling_and_pronouncing,6,3,3,4,0,0
1349,frm_sports,Sports,1,1,0,0,0,0
1358,frm_sports_disciplines,Sports_disciplines,1,1,0,0,0,0
1327,frm_sports_equipment,Sports_equipment,1,1,0,0,0,0
1324,frm_sports_temporal_subdivision,Sports_temporal_subdivision,1,1,0,0,0,0
1364,frm_sports_venues_subparts,Sports_venues_subparts,2,2,0,0,0,0
1355,frm_sport_scenario,Sports_scenario,2,2,0,0,0,0
1342,frm_sport_venues,Sports_venues,1,1,0,0,0,0
615,frm_stage_of_progress,Stage_of_progress,1,1,0,0,0,0
1090,frm_standing_by,Standing_by,4,4,0,0,0,0
137,frm_state,State,2,2,0,0,0,0
37,frm_statement,Statement,4,2,2,4,0,0
556,frm_state_continue,State_continue,2,2,0,0,0,0
719,frm_state_of_entity,State_of_entity,2,2,0,0,0,0
1576,frm_state_of_process,State_of_process,2,2,0,0,0,0
1574,frm_stative_configuration,Stative_configuration,2,2,0,0,0,0
1573,frm_stative_location,Stative_location,2,2,0,0,0,0
41,frm_stimulate_emotion,Stimulate_emotion,2,2,0,0,0,0
336,frm_stimulus_focus,Stimulus_focus,1,1,0,0,0,0
451,frm_stinginess,Stinginess,5,3,2,3,0,0
669,frm_store,Store,4,4,0,0,0,0
689,frm_storing,Storing,3,3,0,0,0,0
69,frm_strictness,Strictness,6,4,2,4,0,0
1510,frm_student_body,,1,1,0,0,0,0
539,frm_studying,Studying,4,3,1,2,0,0
82,frm_suasion,Suasion,5,3,2,4,0,0
1572,frm_subjective_experience,Subjective_experience,2,2,0,0,0,0
527,frm_subjective_influence,Subjective_influence,7,3,2,3,7,13
1575,frm_subjective_state,Subjective_state,2,2,0,0,0,0
1003,frm_subjective_temperature,Subjective_temperature,2,1,1,2,0,0
676,frm_submitting_documents,Submitting_documents,3,3,0,0,0,0
427,frm_subordinates_and_superiors,Subordinates_and_superiors,2,2,0,0,0,0
1045,frm_subsisting,Subsisting,2,2,0,0,0,0
611,frm_substance,Substance,1,1,0,0,0,0
355,frm_substance_by_phase,Substance_by_phase,1,1,0,0,0,0
1471,frm_substâncias_corporais,,1,1,0,0,0,0
532,frm_subversion,Subversion,5,2,2,3,2,4
752,frm_successfully_communicate_message,Successfully_communicate_message,4,3,1,2,0,0
639,frm_successful_action,Successful_action,4,2,0,0,2,4
638,frm_success_or_failure,Success_or_failure,3,2,0,0,1,2
314,frm_sufficiency,Sufficiency,3,3,0,0,0,0
1103,frm_suicide_attack,Suicide_attack,2,2,0,0,0,0
339,frm_suitability,Suitability,3,2,1,2,0,0
780,frm_summarizing,Summarizing,3,2,1,2,0,0
619,frm_supply,Supply,4,4,0,0,0,0
883,frm_supporting,Supporting,2,2,0,0,0,0
330,frm_surpassing,Surpassing,5,3,2,4,2,3
410,frm_surrendering,Surrendering,2,2,0,0,0,0
667,frm_surrendering_possession,Surrendering_possession,3,3,0,0,0,0
1199,frm_surrounding,Surrounding,3,3,0,0,0,0
801,frm_surviving,Surviving,2,2,0,0,0,0
411,frm_suspicion,Suspicion,3,3,0,0,0,0
204,frm_symmetrical_collective_reciprocality,Symmetrical_collective_reciprocality,1,1,0,0,0,0
729,frm_system,System,4,2,2,3,0,0
1025,frm_system_complexity,System_complexity,1,1,0,0,0,0
1480,frm_take_a_medical_exam,,2,2,0,0,0,0
566,frm_take_place_of,Take_place_of,4,3,0,0,1,2
379,frm_taking,Taking,3,3,0,0,0,0
1107,frm_taking_captive,Taking_captive,3,3,0,0,0,0
609,frm_taking_sides,Taking_sides,4,2,2,3,0,0
488,frm_taking_time,Taking_time,4,2,1,2,1,2
83,frm_talking_into,Talking_into,3,3,0,0,0,0
1009,frm_tasting,Tasting,2,2,0,0,0,0
1588,frm_tax,Tax,3,3,0,0,0,0
1518,frm_teaching_learning_process,,4,4,0,0,0,0
1511,frm_teaching_resource,,1,1,0,0,0,0
1173,frm_team,Team,3,3,0,0,0,0
1289,frm_technical_tactical_strategies,Moves,2,2,0,0,0,0
456,frm_telling,Telling,5,3,2,4,0,0
517,frm_temperature,Temperature,4,3,0,0,1,2
840,frm_temporal_collocation,Temporal_collocation,6,2,0,0,6,10
1599,frm_temporal_deixis,Temporal_deixis,3,3,0,0,0,0
515,frm_temporal_pattern,Temporal_pattern,3,3,0,0,0,0
654,frm_temporal_subregion,Temporal_subregion,2,2,0,0,0,0
1066,frm_temporary_group,Temporary_group,3,3,0,0,0,0
1139,frm_temporary_leave,Temporary_leave,3,3,0,0,0,0
835,frm_temporary_stay,Temporary_stay,3,2,1,2,0,0
1159,frm_temporary_transfer_scenario,Temporary_transfer_scenario,3,3,0,0,0,0
680,frm_terms_of_agreement,Terms_of_agreement,5,5,0,0,0,0
790,frm_terrorism,Terrorism,3,3,0,0,0,0
1491,frm_test,,2,2,0,0,0,0
272,frm_text,Text,1,1,0,0,0,0
1503,frm_textuality-attributes,,2,2,0,0,0,0
1497,frm_textual_genre,,1,1,0,0,0,0
253,frm_text_creation,Text_creation,2,2,0,0,0,0
1606,frm_text_structuring,Text_structuring,2,2,0,0,0,0
1519,frm_text_subpart,,2,2,0,0,0,0
87,frm_theft,Theft,4,3,1,2,0,0
1044,frm_thermodynamic_phase,Thermodynamic_phase,2,2,0,0,0,0
1262,frm_the_hospital,Hospital,2,2,0,0,0,0
1558,frm_threatening,Threatening,3,3,0,0,0,0
797,frm_thriving,Thriving,2,2,0,0,0,0
422,frm_thwarting,Thwarting,3,2,1,2,0,0
954,frm_timespan,Timespan,2,2,0,0,0,0
1186,frm_timetable,Timetable,3,3,0,0,0,0
1004,frm_time_period_of_action,Time_period_of_action,3,3,0,0,0,0
1568,frm_time_relation,Time_relation,4,4,0,0,0,0
349,frm_time_vector,Time_vector,4,4,0,0,0,0
945,frm_tolerating,Tolerating,5,2,3,5,0,0
1145,frm_tool_purpose,Tool_purpose,2,2,0,0,0,0
343,frm_topic,Topic,3,2,1,2,0,0
1607,frm_topic_indication_heading,Topic_indication_heading,2,2,0,0,0,0
849,frm_touring,Touring,3,3,0,0,0,0
1228,frm_tourism_scenario,Tourism_scenario,3,3,0,0,0,0
1224,frm_tourism_scenario_arriving,Arrival,3,3,0,0,0,0
1226,frm_tourism_scenario_departure,Tourism_scenario_departure,3,3,0,0,0,0
1227,frm_tourism_scenario_preparation,Tourism_scenario_preparation,2,2,0,0,0,0
1225,frm_tourism_scenario_stay,Tourism_scenario_stay,3,3,0,0,0,0
1259,frm_tourist_activities,Tourist_activities,2,2,0,0,0,0
1266,frm_tourist_arrival_lodging,Arrival_at_lodge,3,3,0,0,0,0
1268,frm_tourist_arrival_site,Arrival_at_destination,3,3,0,0,0,0
1223,frm_tourist_attraction,Attracting_tourists,3,3,0,0,0,0
1278,frm_tourist_departure_locality,Tourist_departure_locality,3,3,0,0,0,0
1424,frm_tourist_departure_lodging,Tourist_departure_lodging,3,3,0,0,0,0
1255,frm_tourist_service,Touristic_service,2,2,1,2,0,0
1210,frm_tourist_service_buy,Tourist_service_buy,2,2,0,0,0,0
1215,frm_tourist_service_collect,Tourist_service_collect,5,4,1,2,0,0
1213,frm_tourist_service_pay,Tourist_service_pay,5,4,1,2,0,0
1263,frm_tourist_service_reserve,Tourist_service_reserve,2,2,0,0,0,0
1211,frm_tourist_service_sell,Tourist_service_sell,3,3,0,0,0,0
1212,frm_tourist_service_transaction,Tourist_service_transaction,4,4,0,0,0,0
563,frm_toxic_substance,Toxic_substance,3,2,1,2,0,0
1431,frm_toys,Toys,1,1,0,0,0,0
1489,frm_trafficking,,2,2,0,0,0,0
160,frm_transfer,Transfer,4,2,0,0,2,3
585,frm_transfer_scenario,Transfer_scenario,4,4,0,0,0,0
1400,frm_transition_to_a_quality,Transition_to_a_quality,2,2,0,0,0,0
1401,frm_transition_to_a_situation,Transition_to_a_situation,2,2,0,0,0,0
1402,frm_transition_to_a_state,Transition_to_a_state,3,3,0,0,0,0
6,frm_transitive_action,Transitive_action,4,3,0,0,2,4
750,frm_translating,Translating,6,4,2,4,0,0
1231,frm_transportation,Transportation,1,1,0,0,0,0
1096,frm_transportation_status,Transportation_status,1,1,0,0,0,0
1059,frm_trap,Trap,3,3,0,0,0,0
315,frm_travel,Travel,7,3,4,6,4,5
610,frm_traversing,Traversing,8,3,5,6,5,6
1158,frm_treating_and_mistreating,Treating_and_mistreating,3,3,0,0,0,0
834,frm_trendiness,Trendiness,2,1,1,2,0,0
181,frm_trial,Trial,8,8,0,0,0,0
1060,frm_triggering,Triggering,3,2,0,0,1,2
787,frm_trust,Trust,4,2,2,4,0,0
1010,frm_trying_out,Trying_out,4,3,1,2,0,0
292,frm_try_defendant,Try_defendant,5,3,2,3,1,2
1559,"frm_turn passing","Turn passing",3,3,0,0,0,0
962,frm_turning_out,Turning_out,1,1,0,0,0,0
1564,frm_turn_confirmation,Turn_confirmation,3,3,0,0,0,0
1562,frm_turn_keeping,Turn_keeping,3,3,0,0,0,0
1563,frm_turn_taking,Turn_taking,3,3,0,0,0,0
117,frm_type,Type,2,2,0,0,0,0
543,frm_typicality,Typicality,2,1,1,2,0,0
555,frm_unattributed_information,Unattributed_information,1,1,0,0,0,0
782,frm_undergoing,Undergoing,2,2,0,0,0,0
1403,frm_undergoing_scenario,Undergoing_scenario,2,2,0,0,0,0
567,frm_undergo_change,Undergo_change,9,6,3,5,5,8
1404,frm_undergo_transformation,Undergo_transformation,3,3,0,0,0,0
587,frm_undressing,Undressing,2,2,0,0,0,0
725,frm_unemployment_rate,Unemployment_rate,4,3,0,0,1,2
1463,frm_urban_furniture,,1,1,0,0,0,0
681,frm_used_up,Used_up,1,1,0,0,0,0
453,frm_usefulness,Usefulness,2,2,0,0,0,0
265,frm_use_firearm,Use_firearm,2,2,0,0,0,0
776,frm_use_vehicle,Use_vehicle,7,7,0,0,0,0
544,frm_using,Using,4,3,1,2,0,0
1030,frm_using_resource,Using_resource,5,3,2,4,0,0
1426,frm_utensils,Utensils,1,1,0,0,0,0
398,frm_vehicle,Vehicle,1,1,0,0,0,0
1088,frm_vehicle_departure_initial_stage,Vehicle_departure_initial_stage,2,2,0,0,0,0
1093,frm_vehicle_landing,Vehicle_landing,2,2,0,0,0,0
1021,frm_vehicle_subpart,Vehicle_subpart,2,2,0,0,0,0
290,frm_verdict,Verdict,5,4,1,2,0,0
592,frm_verification,Verification,3,2,1,2,0,0
881,frm_version_sequence,Version_sequence,1,1,0,0,0,0
1085,frm_victim_operated_ied,Victim_operated_IED,2,2,0,0,0,0
1447,frm_vinculação,frm_vinculação,4,4,0,0,0,0
1126,frm_violence,Violence,4,4,0,0,0,0
851,frm_visiting,Visiting,2,2,0,0,0,0
870,frm_visiting_scenario,Visiting_scenario,1,1,0,0,0,0
872,frm_visiting_scenario_arrival,Visiting_scenario_arrival,2,2,0,0,0,0
873,frm_visiting_scenario_departing,Visiting_scenario_departing,2,2,0,0,0,0
874,frm_visiting_scenario_stay,Visiting_scenario_stay,2,2,0,0,0,0
871,frm_visitor_and_host,Visitor_and_host,3,3,0,0,0,0
853,frm_visitor_arrival,Visitor_arrival,2,2,0,0,0,0
854,frm_visitor_departure,Visitor_departure,2,2,0,0,0,0
852,frm_visitor_scenario,Visitor_scenario,2,2,0,0,0,0
869,frm_visit_host,Visit_host,3,2,1,2,0,0
876,frm_visit_host_arrival,Visit_host_arrival,3,2,1,2,0,0
878,frm_visit_host_departure,Visit_host_departure,3,2,1,2,0,0
877,frm_visit_host_stay,Visit_host_stay,3,2,1,2,0,0
820,frm_vocalizations,Vocalizations,1,1,0,0,0,0
38,frm_volubility,Volubility,3,2,1,2,0,0
984,frm_wagering,Wagering,4,3,0,0,1,2
692,frm_waiting,Waiting,3,2,0,0,1,2
269,frm_waking_up,Waking_up,2,2,0,0,0,0
413,frm_want_suspect,Want_suspect,1,1,0,0,0,0
1153,frm_warning,Warning,5,5,0,0,0,0
1366,frm_watch_event,Attend_event,2,2,0,0,0,0
707,frm_waver_between_options,Waver_between_options,5,2,3,5,2,3
79,frm_wealthiness,Wealthiness,2,1,1,2,0,0
395,frm_weapon,Weapon,1,1,0,0,0,0
146,frm_wearing,Wearing,3,2,1,2,0,0
277,frm_weather,Weather,2,2,0,0,0,0
819,frm_wholes_and_parts,Wholes_and_parts,2,2,0,0,0,0
744,frm_willingness,Willingness,2,1,1,2,0,0
1359,frm_winning_moves,Winning_moves,2,2,0,0,0,0
928,frm_win_prize,Win_prize,2,2,0,0,0,0
674,frm_withdraw_from_participation,Withdraw_from_participation,3,2,0,0,1,2
652,frm_within_distance,Within_distance,3,3,0,0,0,0
373,frm_word_relations,Word_relations,3,1,0,0,2,3
837,frm_work,Work,3,2,0,0,1,2
1074,frm_working_a_post,Working_a_post,3,3,0,0,0,0
1434,frm_worry,Worry,2,2,0,0,0,0
